0,0,0,24,255
0,1,0,22,255
0,2,0,19,255
0,3,0,16,255
0,4,0,13,255
0,5,0,10,255
0,6,0,6,255
0,7,0,3,255
0,8,3,0,255
0,9,21,0,255
0,10,40,0,255
0,11,60,0,255
0,12,81,0,255
0,13,103,0,255
0,14,126,0,255
0,15,150,0,255
0,16,177,0,255
0,17,204,0,255
0,18,234,0,255
0,19,255,0,245
0,20,255,0,218
0,21,255,0,194
0,22,255,0,174
0,23,255,0,157
0,24,255,0,141
0,25,255,0,128
0,26,255,0,116
0,27,255,0,105
0,28,255,0,96
0,29,255,0,87
0,30,255,0,79
0,31,255,0,71
0,32,255,0,65
0,33,255,0,59
0,34,255,0,53
0,35,255,0,48
0,36,255,0,43
0,37,255,0,38
0,38,255,0,34
0,39,255,0,30
0,40,0,30,255
0,41,0,28,255
0,42,0,25,255
0,43,0,22,255
0,44,0,19,255
0,45,0,16,255
0,46,0,13,255
0,47,0,10,255
0,48,1,6,255
0,49,19,2,255
0,50,38,0,255
0,51,59,0,255
0,52,80,0,255
0,53,102,0,255
0,54,126,0,255
0,55,152,0,255
0,56,178,0,255
0,57,207,0,255
0,58,237,0,255
0,59,255,0,241
0,60,255,0,214
0,61,255,0,190
0,62,255,0,170
0,63,255,0,153
0,64,255,0,138
0,65,255,0,124
0,66,255,0,113
0,67,255,0,102
0,68,255,0,92
0,69,255,0,84
0,70,255,0,76
0,71,255,0,69
0,72,255,0,62
0,73,255,0,56
0,74,255,0,50
0,75,255,0,45
0,76,255,0,40
0,77,255,0,36
0,78,255,0,32
0,79,255,0,28
0,80,0,37,255
0,81,0,34,255
0,82,0,32,255
0,83,0,29,255
0,84,0,26,255
0,85,0,23,255
0,86,0,20,255
0,87,0,17,255
0,88,0,13,255
0,89,17,10,255
0,90,37,6,255
0,91,57,2,255
0,92,79,0,255
0,93,102,0,255
0,94,127,0,255
0,95,153,0,255
0,96,180,0,255
0,97,210,0,255
0,98,241,0,255
0,99,255,0,237
0,100,255,0,209
0,101,255,0,186
0,102,255,0,166
0,103,255,0,149
0,104,255,0,134
0,105,255,0,121
0,106,255,0,109
0,107,255,0,98
0,108,255,0,89
0,109,255,0,80
0,110,255,0,73
0,111,255,0,66
0,112,255,0,59
0,113,255,0,53
0,114,255,0,47
0,115,255,0,42
0,116,255,0,38
0,117,255,0,33
0,118,255,0,29
0,119,255,0,25
0,120,0,44,255
0,121,0,41,255
0,122,0,39,255
0,123,0,36,255
0,124,0,33,255
0,125,0,31,255
0,126,0,28,255
0,127,0,24,255
0,128,0,21,255
0,129,15,18,255
0,130,35,14,255
0,131,56,10,255
0,132,79,6,255
0,133,102,1,255
0,134,127,0,255
0,135,154,0,255
0,136,182,0,255
0,137,213,0,255
0,138,245,0,255
0,139,255,0,232
0,140,255,0,205
0,141,255,0,182
0,142,255,0,162
0,143,255,0,145
0,144,255,0,130
0,145,255,0,117
0,146,255,0,105
0,147,255,0,95
0,148,255,0,86
0,149,255,0,77
0,150,255,0,70
0,151,255,0,63
0,152,255,0,56
0,153,255,0,50
0,154,255,0,45
0,155,255,0,40
0,156,255,0,35
0,157,255,0,31
0,158,255,0,27
0,159,255,0,23
0,160,0,51,255
0,161,0,48,255
0,162,0,46,255
0,163,0,43,255
0,164,0,41,255
0,165,0,38,255
0,166,0,35,255
0,167,0,32,255
0,168,0,29,255
0,169,13,26,255
0,170,33,22,255
0,171,55,18,255
0,172,78,14,255
0,173,102,10,255
0,174,128,6,255
0,175,155,1,255
0,176,184,0,255
0,177,216,0,255
0,178,249,0,255
0,179,255,0,228
0,180,255,0,201
0,181,255,0,178
0,182,255,0,158
0,183,255,0,141
0,184,255,0,126
0,185,255,0,113
0,186,255,0,102
0,187,255,0,92
0,188,255,0,82
0,189,255,0,74
0,190,255,0,66
0,191,255,0,60
0,192,255,0,53
0,193,255,0,47
0,194,255,0,42
0,195,255,0,37
0,196,255,0,32
0,197,255,0,28
0,198,255,0,24
0,199,255,0,20
0,200,0,58,255
0,201,0,56,255
0,202,0,53,255
0,203,0,51,255
0,204,0,49,255
0,205,0,46,255
0,206,0,43,255
0,207,0,40,255
0,208,0,37,255
0,209,11,34,255
0,210,32,31,255
0,211,54,27,255
0,212,77,23,255
0,213,102,19,255
0,214,128,15,255
0,215,157,10,255
0,216,187,5,255
0,217,219,0,255
0,218,254,0,255
0,219,255,0,223
0,220,255,0,196
0,221,255,0,173
0,222,255,0,154
0,223,255,0,137
0,224,255,0,123
0,225,255,0,110
0,226,255,0,98
0,227,255,0,88
0,228,255,0,79
0,229,255,0,71
0,230,255,0,63
0,231,255,0,56
0,232,255,0,50
0,233,255,0,44
0,234,255,0,39
0,235,255,0,34
0,236,255,0,30
0,237,255,0,26
0,238,255,0,22
0,239,255,0,18
0,240,0,65,255
0,241,0,63,255
0,242,0,61,255
0,243,0,59,255
0,244,0,57,255
0,245,0,54,255
0,246,0,52,255
0,247,0,49,255
0,248,0,46,255
0,249,9,43,255
0,250,30,40,255
0,251,52,36,255
0,252,76,33,255
0,253,102,29,255
0,254,129,25,255
0,255,158,20,255
0,256,189,16,255
0,257,222,10,255
0,258,255,5,252
0,259,255,0,219
0,260,255,0,192
0,261,255,0,169
0,262,255,0,150
0,263,255,0,133
0,264,255,0,119
0,265,255,0,106
0,266,255,0,95
0,267,255,0,85
0,268,255,0,76
0,269,255,0,67
0,270,255,0,60
0,271,255,0,53
0,272,255,0,47
0,273,255,0,42
0,274,255,0,36
0,275,255,0,32
0,276,255,0,27
0,277,255,0,23
0,278,255,0,19
0,279,255,0,16
0,280,0,73,255
0,281,0,71,255
0,282,0,69,255
0,283,0,67,255
0,284,0,65,255
0,285,0,63,255
0,286,0,60,255
0,287,0,58,255
0,288,0,55,255
0,289,6,52,255
0,290,28,49,255
0,291,51,46,255
0,292,76,43,255
0,293,102,39,255
0,294,130,35,255
0,295,160,31,255
0,296,192,26,255
0,297,226,22,255
0,298,255,16,247
0,299,255,9,214
0,300,255,3,187
0,301,255,0,165
0,302,255,0,145
0,303,255,0,129
0,304,255,0,115
0,305,255,0,102
0,306,255,0,91
0,307,255,0,81
0,308,255,0,72
0,309,255,0,64
0,310,255,0,57
0,311,255,0,50
0,312,255,0,44
0,313,255,0,39
0,314,255,0,34
0,315,255,0,29
0,316,255,0,24
0,317,255,0,20
0,318,255,0,17
0,319,255,0,13
0,320,0,81,255
0,321,0,80,255
0,322,0,78,255
0,323,0,76,255
0,324,0,74,255
0,325,0,72,255
0,326,0,69,255
0,327,0,67,255
0,328,0,65,255
0,329,4,62,255
0,330,26,59,255
0,331,49,56,255
0,332,75,53,255
0,333,102,50,255
0,334,130,46,255
0,335,161,42,255
0,336,194,38,255
0,337,230,33,255
0,338,255,27,242
0,339,255,19,209
0,340,255,12,182
0,341,255,7,160
0,342,255,2,141
0,343,255,0,125
0,344,255,0,110
0,345,255,0,98
0,346,255,0,87
0,347,255,0,77
0,348,255,0,69
0,349,255,0,61
0,350,255,0,54
0,351,255,0,47
0,352,255,0,41
0,353,255,0,36
0,354,255,0,31
0,355,255,0,26
0,356,255,0,22
0,357,255,0,18
0,358,255,0,14
0,359,255,0,11
0,360,0,90,255
0,361,0,88,255
0,362,0,87,255
0,363,0,85,255
0,364,0,83,255
0,365,0,81,255
0,366,0,79,255
0,367,0,77,255
0,368,0,75,255
0,369,1,72,255
0,370,24,70,255
0,371,48,67,255
0,372,74,64,255
0,373,101,61,255
0,374,131,58,255
0,375,163,54,255
0,376,197,50,255
0,377,234,46,255
0,378,255,38,237
0,379,255,29,204
0,380,255,22,177
0,381,255,15,155
0,382,255,10,136
0,383,255,5,120
0,384,255,1,106
0,385,255,0,94
0,386,255,0,83
0,387,255,0,74
0,388,255,0,65
0,389,255,0,57
0,390,255,0,50
0,391,255,0,44
0,392,255,0,38
0,393,255,0,33
0,394,255,0,28
0,395,255,0,23
0,396,255,0,19
0,397,255,0,15
0,398,255,0,11
0,399,255,0,8
0,400,0,99,255
0,401,0,97,255
0,402,0,96,255
0,403,0,94,255
0,404,0,93,255
0,405,0,91,255
0,406,0,89,255
0,407,0,87,255
0,408,0,85,255
0,409,0,83,255
0,410,21,81,255
0,411,46,78,255
0,412,73,76,255
0,413,101,73,255
0,414,132,70,255
0,415,165,67,255
0,416,200,63,255
0,417,239,59,255
0,418,255,50,231
0,419,255,40,199
0,420,255,31,172
0,421,255,24,150
0,422,255,18,132
0,423,255,13,116
0,424,255,8,102
0,425,255,4,90
0,426,255,1,79
0,427,255,0,70
0,428,255,0,61
0,429,255,0,54
0,430,255,0,47
0,431,255,0,41
0,432,255,0,35
0,433,255,0,30
0,434,255,0,25
0,435,255,0,20
0,436,255,0,16
0,437,255,0,12
0,438,255,0,9
0,439,255,0,6
0,440,0,108,255
0,441,0,107,255
0,442,0,105,255
0,443,0,104,255
0,444,0,103,255
0,445,0,101,255
0,446,0,100,255
0,447,0,98,255
0,448,0,96,255
0,449,0,94,255
0,450,19,93,255
0,451,44,90,255
0,452,72,88,255
0,453,101,86,255
0,454,133,83,255
0,455,167,80,255
0,456,204,77,255
0,457,244,74,255
0,458,255,62,226
0,459,255,50,194
0,460,255,41,167
0,461,255,33,146
0,462,255,26,127
0,463,255,20,111
0,464,255,15,98
0,465,255,11,86
0,466,255,7,75
0,467,255,3,66
0,468,255,0,58
0,469,255,0,50
0,470,255,0,43
0,471,255,0,37
0,472,255,0,32
0,473,255,0,27
0,474,255,0,22
0,475,255,0,17
0,476,255,0,13
0,477,255,0,10
0,478,255,0,6
0,479,255,0,3
0,480,0,117,255
0,481,0,116,255
0,482,0,115,255
0,483,0,114,255
0,484,0,113,255
0,485,0,112,255
0,486,0,111,255
0,487,0,109,255
0,488,0,108,255
0,489,0,107,255
0,490,16,105,255
0,491,43,103,255
0,492,71,101,255
0,493,101,99,255
0,494,133,97,255
0,495,169,95,255
0,496,207,92,255
0,497,249,90,255
0,498,255,75,220
0,499,255,61,188
0,500,255,51,162
0,501,255,42,141
0,502,255,34,122
0,503,255,28,107
0,504,255,22,93
0,505,255,17,82
0,506,255,13,71
0,507,255,9,62
0,508,255,6,54
0,509,255,3,47
0,510,255,0,40
0,511,255,0,34
0,512,255,0,28
0,513,255,0,23
0,514,255,0,19
0,515,255,0,15
0,516,255,0,11
0,517,255,0,7
0,518,255,0,4
0,519,255,0,0
0,520,0,127,255
0,521,0,127,255
0,522,0,126,255
0,523,0,125,255
0,524,0,124,255
0,525,0,123,255
0,526,0,122,255
0,527,0,121,255
0,528,0,120,255
0,529,0,119,255
0,530,14,118,255
0,531,41,117,255
0,532,69,115,255
0,533,101,114,255
0,534,134,112,255
0,535,171,110,255
0,536,211,109,255
0,537,255,106,255
0,538,255,88,215
0,539,255,73,183
0,540,255,61,157
0,541,255,51,135
0,542,255,42,117
0,543,255,35,102
0,544,255,29,89
0,545,255,24,77
0,546,255,19,67
0,547,255,15,58
0,548,255,11,50
0,549,255,8,43
0,550,255,5,36
0,551,255,2,31
0,552,255,0,25
0,553,255,0,20
0,554,255,0,16
0,555,255,0,12
0,556,255,0,8
0,557,255,0,4
0,558,255,0,1
0,559,255,0,0
0,560,0,138,255
0,561,0,137,255
0,562,0,137,255
0,563,0,136,255
0,564,0,136,255
0,565,0,135,255
0,566,0,135,255
0,567,0,134,255
0,568,0,133,255
0,569,0,133,255
0,570,11,132,255
0,571,38,131,255
0,572,68,130,255
0,573,100,129,255
0,574,135,128,255
0,575,174,127,255
0,576,215,126,255
0,577,255,122,249
0,578,255,101,209
0,579,255,84,177
0,580,255,71,151
0,581,255,60,130
0,582,255,51,112
0,583,255,43,97
0,584,255,36,84
0,585,255,30,73
0,586,255,25,63
0,587,255,21,54
0,588,255,17,46
0,589,255,13,39
0,590,255,10,33
0,591,255,7,27
0,592,255,4,22
0,593,255,1,17
0,594,255,0,13
0,595,255,0,9
0,596,255,0,5
0,597,255,0,1
0,598,255,0,0
0,599,255,0,0
0,600,0,149,255
0,601,0,149,255
0,602,0,148,255
0,603,0,148,255
0,604,0,148,255
0,605,0,148,255
0,606,0,148,255
0,607,0,148,255
0,608,0,147,255
0,609,0,147,255
0,610,8,147,255
0,611,36,147,255
0,612,67,146,255
0,613,100,146,255
0,614,136,146,255
0,615,176,145,255
0,616,220,145,255
0,617,255,138,243
0,618,255,115,203
0,619,255,96,171
0,620,255,82,146
0,621,255,70,125
0,622,255,60,107
0,623,255,51,92
0,624,255,44,80
0,625,255,37,69
0,626,255,32,59
0,627,255,27,50
0,628,255,22,42
0,629,255,18,36
0,630,255,15,29
0,631,255,11,24
0,632,255,8,19
0,633,255,6,14
0,634,255,3,10
0,635,255,1,6
0,636,255,0,2
0,637,255,0,0
0,638,255,0,0
0,639,255,0,0
0,640,0,160,255
0,641,0,160,255
0,642,0,161,255
0,643,0,161,255
0,644,0,161,255
0,645,0,161,255
0,646,0,161,255
0,647,0,162,255
0,648,0,162,255
0,649,0,162,255
0,650,4,163,255
0,651,34,163,255
0,652,65,164,255
0,653,100,164,255
0,654,138,164,255
0,655,179,165,255
0,656,224,166,255
0,657,255,154,237
0,658,255,129,197
0,659,255,109,165
0,660,255,93,140
0,661,255,79,119
0,662,255,68,102
0,663,255,59,87
0,664,255,51,75
0,665,255,44,64
0,666,255,38,54
0,667,255,33,46
0,668,255,28,39
0,669,255,24,32
0,670,255,20,26
0,671,255,16,20
0,672,255,13,15
0,673,255,10,11
0,674,255,7,7
0,675,255,5,3
0,676,255,3,0
0,677,255,1,0
0,678,255,0,0
0,679,255,0,0
0,680,0,172,255
0,681,0,173,255
0,682,0,173,255
0,683,0,174,255
0,684,0,175,255
0,685,0,175,255
0,686,0,176,255
0,687,0,177,255
0,688,0,178,255
0,689,0,179,255
0,690,1,180,255
0,691,31,181,255
0,692,64,182,255
0,693,100,183,255
0,694,139,185,255
0,695,182,186,255
0,696,230,188,255
0,697,255,171,230
0,698,255,143,190
0,699,255,121,159
0,700,255,104,134
0,701,255,89,114
0,702,255,77,97
0,703,255,67,82
0,704,255,59,70
0,705,255,51,59
0,706,255,45,50
0,707,255,39,42
0,708,255,34,35
0,709,255,29,28
0,710,255,25,22
0,711,255,21,17
0,712,255,18,12
0,713,255,15,7
0,714,255,12,3
0,715,255,9,0
0,716,255,7,0
0,717,255,4,0
0,718,255,2,0
0,719,255,0,0
0,720,0,185,255
0,721,0,186,255
0,722,0,187,255
0,723,0,188,255
0,724,0,189,255
0,725,0,190,255
0,726,0,191,255
0,727,0,193,255
0,728,0,194,255
0,729,0,196,255
0,730,0,198,255
0,731,28,200,255
0,732,62,202,255
0,733,99,204,255
0,734,140,207,255
0,735,185,209,255
0,736,236,213,255
0,737,255,189,223
0,738,255,158,183
0,739,255,134,153
0,740,255,115,128
0,741,255,100,108
0,742,255,87,91
0,743,255,76,77
0,744,255,66,65
0,745,255,58,55
0,746,255,51,46
0,747,255,45,38
0,748,255,39,30
0,749,255,34,24
0,750,255,30,18
0,751,255,26,13
0,752,255,22,8
0,753,255,19,4
0,754,255,16,0
0,755,255,13,0
0,756,255,10,0
0,757,255,8,0
0,758,255,6,0
0,759,255,4,0
0,760,0,198,255
0,761,0,199,255
0,762,0,201,255
0,763,0,202,255
0,764,0,204,255
0,765,0,206,255
0,766,0,208,255
0,767,0,210,255
0,768,0,212,255
0,769,0,215,255
0,770,0,217,255
0,771,25,220,255
0,772,60,223,255
0,773,99,227,255
0,774,142,231,255
0,775,189,235,255
0,776,242,239,255
0,777,255,207,216
0,778,255,174,176
0,779,255,148,146
0,780,255,127,122
0,781,255,110,102
0,782,255,96,86
0,783,255,84,72
0,784,255,74,60
0,785,255,66,50
0,786,255,58,41
0,787,255,51,33
0,788,255,45,26
0,789,255,40,20
0,790,255,35,15
0,791,255,31,10
0,792,255,27,5
0,793,255,23,1
0,794,255,20,0
0,795,255,17,0
0,796,255,14,0
0,797,255,12,0
0,798,255,9,0
0,799,255,7,0
0,800,0,212,255
0,801,0,214,255
0,802,0,216,255
0,803,0,218,255
0,804,0,220,255
0,805,0,223,255
0,806,0,225,255
0,807,0,228,255
0,808,0,231,255
0,809,0,235,255
0,810,0,238,255
0,811,22,242,255
0,812,58,246,255
0,813,99,251,255
0,814,142,255,253
0,815,188,255,248
0,816,236,255,242
0,817,255,226,208
0,818,255,190,169
0,819,255,161,139
0,820,255,139,116
0,821,255,121,96
0,822,255,106,80
0,823,255,93,67
0,824,255,82,55
0,825,255,73,45
0,826,255,65,37
0,827,255,58,29
0,828,255,51,22
0,829,255,46,16
0,830,255,41,11
0,831,255,36,6
0,832,255,32,1
0,833,255,28,0
0,834,255,25,0
0,835,255,21,0
0,836,255,18,0
0,837,255,16,0
0,838,255,13,0
0,839,255,11,0
0,840,0,227,255
0,841,0,229,255
0,842,0,232,255
0,843,0,234,255
0,844,0,237,255
0,845,0,240,255
0,846,0,244,255
0,847,0,248,255
0,848,0,252,255
0,849,0,255,254
0,850,0,255,249
0,851,18,255,245
0,852,53,255,239
0,853,90,255,234
0,854,130,255,228
0,855,172,255,222
0,856,217,255,215
0,857,255,246,201
0,858,255,206,162
0,859,255,176,132
0,860,255,151,109
0,861,255,132,90
0,862,255,116,74
0,863,255,102,61
0,864,255,91,50
0,865,255,81,40
0,866,255,72,32
0,867,255,64,25
0,868,255,57,18
0,869,255,51,12
0,870,255,46,7
0,871,255,41,2
0,872,255,37,0
0,873,255,33,0
0,874,255,29,0
0,875,255,26,0
0,876,255,22,0
0,877,255,20,0
0,878,255,17,0
0,879,255,14,0
0,880,0,242,255
0,881,0,245,255
0,882,0,248,255
0,883,0,252,255
0,884,0,255,255
0,885,0,255,251
0,886,0,255,247
0,887,0,255,242
0,888,0,255,238
0,889,0,255,233
0,890,0,255,228
0,891,13,255,223
0,892,46,255,217
0,893,81,255,211
0,894,118,255,205
0,895,158,255,199
0,896,200,255,192
0,897,244,255,184
0,898,255,223,154
0,899,255,190,125
0,900,255,164,102
0,901,255,143,84
0,902,255,126,69
0,903,255,111,56
0,904,255,99,45
0,905,255,88,35
0,906,255,79,27
0,907,255,71,20
0,908,255,64,14
0,909,255,57,8
0,910,255,51,3
0,911,255,46,0
0,912,255,42,0
0,913,255,37,0
0,914,255,33,0
0,915,255,30,0
0,916,255,26,0
0,917,255,23,0
0,918,255,21,0
0,919,255,18,0
0,920,0,255,251
0,921,0,255,248
0,922,0,255,244
0,923,0,255,241
0,924,0,255,237
0,925,0,255,232
0,926,0,255,228
0,927,0,255,224
0,928,0,255,219
0,929,0,255,214
0,930,0,255,209
0,931,8,255,203
0,932,40,255,197
0,933,73,255,191
0,934,108,255,185
0,935,145,255,178
0,936,184,255,171
0,937,226,255,163
0,938,255,241,147
0,939,255,205,118
0,940,255,177,95
0,941,255,155,77
0,942,255,136,62
0,943,255,121,50
0,944,255,107,39
0,945,255,96,30
0,946,255,86,22
0,947,255,78,16
0,948,255,70,9
0,949,255,63,4
0,950,255,57,0
0,951,255,52,0
0,952,255,47,0
0,953,255,42,0
0,954,255,38,0
0,955,255,34,0
0,956,255,31,0
0,957,255,27,0
0,958,255,24,0
0,959,255,22,0
0,960,0,255,236
0,961,0,255,232
0,962,0,255,228
0,963,0,255,224
0,964,0,255,220
0,965,0,255,216
0,966,0,255,211
0,967,0,255,206
0,968,0,255,202
0,969,0,255,196
0,970,0,255,191
0,971,4,255,185
0,972,34,255,179
0,973,66,255,173
0,974,99,255,166
0,975,134,255,160
0,976,171,255,152
0,977,210,255,144
0,978,251,255,136
0,979,255,221,110
0,980,255,191,88
0,981,255,166,71
0,982,255,147,56
0,983,255,130,44
0,984,255,116,34
0,985,255,104,25
0,986,255,94,18
0,987,255,84,11
0,988,255,76,5
0,989,255,69,0
0,990,255,63,0
0,991,255,57,0
0,992,255,52,0
0,993,255,47,0
0,994,255,42,0
0,995,255,38,0
0,996,255,35,0
0,997,255,31,0
0,998,255,28,0
0,999,255,25,0
0,1000,0,255,221
0,1001,0,255,217
0,1002,0,255,213
0,1003,0,255,209
0,1004,0,255,205
0,1005,0,255,200
0,1006,0,255,196
0,1007,0,255,191
0,1008,0,255,186
0,1009,0,255,180
0,1010,0,255,175
0,1011,1,255,169
0,1012,29,255,163
0,1013,59,255,156
0,1014,91,255,150
0,1015,124,255,143
0,1016,158,255,135
0,1017,195,255,127
0,1018,234,255,119
0,1019,255,237,102
0,1020,255,204,81
0,1021,255,178,64
0,1022,255,157,50
0,1023,255,140,38
0,1024,255,125,28
0,1025,255,112,20
0,1026,255,101,13
0,1027,255,91,6
0,1028,255,83,1
0,1029,255,75,0
0,1030,255,68,0
0,1031,255,62,0
0,1032,255,57,0
0,1033,255,52,0
0,1034,255,47,0
0,1035,255,43,0
0,1036,255,39,0
0,1037,255,35,0
0,1038,255,32,0
0,1039,255,29,0
0,1040,0,255,207
0,1041,0,255,203
0,1042,0,255,199
0,1043,0,255,195
0,1044,0,255,190
0,1045,0,255,186
0,1046,0,255,181
0,1047,0,255,176
0,1048,0,255,171
0,1049,0,255,165
0,1050,0,255,160
0,1051,0,255,154
0,1052,24,255,148
0,1053,53,255,141
0,1054,83,255,134
0,1055,114,255,127
0,1056,147,255,120
0,1057,182,255,112
0,1058,218,255,104
0,1059,255,253,94
0,1060,255,218,74
0,1061,255,191,57
0,1062,255,168,44
0,1063,255,150,32
0,1064,255,134,23
0,1065,255,120,15
0,1066,255,109,8
0,1067,255,98,1
0,1068,255,89,0
0,1069,255,81,0
0,1070,255,74,0
0,1071,255,68,0
0,1072,255,62,0
0,1073,255,56,0
0,1074,255,52,0
0,1075,255,47,0
0,1076,255,43,0
0,1077,255,39,0
0,1078,255,36,0
0,1079,255,33,0
0,1080,0,255,194
0,1081,0,255,190
0,1082,0,255,186
0,1083,0,255,182
0,1084,0,255,177
0,1085,0,255,172
0,1086,0,255,168
0,1087,0,255,163
0,1088,0,255,157
0,1089,0,255,152
0,1090,0,255,146
0,1091,0,255,140
0,1092,20,255,134
0,1093,47,255,127
0,1094,76,255,121
0,1095,106,255,113
0,1096,137,255,106
0,1097,170,255,98
0,1098,204,255,90
0,1099,241,255,81
0,1100,255,233,66
0,1101,255,204,50
0,1102,255,180,37
0,1103,255,160,26
0,1104,255,143,17
0,1105,255,129,9
0,1106,255,116,2
0,1107,255,105,0
0,1108,255,96,0
0,1109,255,87,0
0,1110,255,80,0
0,1111,255,73,0
0,1112,255,67,0
0,1113,255,61,0
0,1114,255,56,0
0,1115,255,52,0
0,1116,255,47,0
0,1117,255,43,0
0,1118,255,40,0
0,1119,255,36,0
0,1120,0,255,182
0,1121,0,255,178
0,1122,0,255,174
0,1123,0,255,169
0,1124,0,255,165
0,1125,0,255,160
0,1126,0,255,155
0,1127,0,255,150
0,1128,0,255,145
0,1129,0,255,139
0,1130,0,255,133
0,1131,0,255,127
0,1132,16,255,121
0,1133,42,255,115
0,1134,70,255,108
0,1135,98,255,101
0,1136,128,255,93
0,1137,159,255,85
0,1138,192,255,77
0,1139,226,255,69
0,1140,255,248,58
0,1141,255,217,43
0,1142,255,191,30
0,1143,255,170,20
0,1144,255,152,11
0,1145,255,137,4
0,1146,255,124,0
0,1147,255,113,0
0,1148,255,103,0
0,1149,255,94,0
0,1150,255,86,0
0,1151,255,79,0
0,1152,255,72,0
0,1153,255,66,0
0,1154,255,61,0
0,1155,255,56,0
0,1156,255,52,0
0,1157,255,48,0
0,1158,255,44,0
0,1159,255,40,0
0,1160,0,255,171
0,1161,0,255,167
0,1162,0,255,162
0,1163,0,255,158
0,1164,0,255,153
0,1165,0,255,148
0,1166,0,255,143
0,1167,0,255,138
0,1168,0,255,133
0,1169,0,255,127
0,1170,0,255,122
0,1171,0,255,115
0,1172,13,255,109
0,1173,38,255,103
0,1174,64,255,96
0,1175,91,255,89
0,1176,119,255,81
0,1177,149,255,74
0,1178,180,255,66
0,1179,213,255,57
0,1180,247,255,48
0,1181,255,230,35
0,1182,255,203,23
0,1183,255,181,13
0,1184,255,162,5
0,1185,255,146,0
0,1186,255,132,0
0,1187,255,120,0
0,1188,255,110,0
0,1189,255,100,0
0,1190,255,92,0
0,1191,255,84,0
0,1192,255,78,0
0,1193,255,71,0
0,1194,255,66,0
0,1195,255,61,0
0,1196,255,56,0
0,1197,255,52,0
0,1198,255,48,0
0,1199,255,44,0
0,1200,0,255,160
0,1201,0,255,156
0,1202,0,255,152
0,1203,0,255,147
0,1204,0,255,142
0,1205,0,255,137
0,1206,0,255,132
0,1207,0,255,127
0,1208,0,255,122
0,1209,0,255,116
0,1210,0,255,111
0,1211,0,255,104
0,1212,9,255,98
0,1213,33,255,92
0,1214,58,255,85
0,1215,84,255,78
0,1216,111,255,71
0,1217,140,255,63
0,1218,169,255,55
0,1219,200,255,47
0,1220,233,255,38
0,1221,255,244,27
0,1222,255,215,16
0,1223,255,192,7
0,1224,255,172,0
0,1225,255,155,0
0,1226,255,140,0
0,1227,255,128,0
0,1228,255,117,0
0,1229,255,107,0
0,1230,255,98,0
0,1231,255,90,0
0,1232,255,83,0
0,1233,255,77,0
0,1234,255,71,0
0,1235,255,65,0
0,1236,255,60,0
0,1237,255,56,0
0,1238,255,52,0
0,1239,255,48,0
0,1240,0,255,150
0,1241,0,255,146
0,1242,0,255,141
0,1243,0,255,137
0,1244,0,255,132
0,1245,0,255,127
0,1246,0,255,122
0,1247,0,255,117
0,1248,0,255,112
0,1249,0,255,106
0,1250,0,255,100
0,1251,0,255,94
0,1252,6,255,88
0,1253,29,255,82
0,1254,53,255,75
0,1255,78,255,68
0,1256,104,255,61
0,1257,131,255,53
0,1258,160,255,45
0,1259,189,255,37
0,1260,220,255,28
0,1261,252,255,19
0,1262,255,228,9
0,1263,255,203,0
0,1264,255,182,0
0,1265,255,164,0
0,1266,255,149,0
0,1267,255,135,0
0,1268,255,124,0
0,1269,255,113,0
0,1270,255,104,0
0,1271,255,96,0
0,1272,255,88,0
0,1273,255,82,0
0,1274,255,76,0
0,1275,255,70,0
0,1276,255,65,0
0,1277,255,60,0
0,1278,255,56,0
0,1279,255,52,0
0,1280,0,255,141
0,1281,0,255,136
0,1282,0,255,132
0,1283,0,255,127
0,1284,0,255,122
0,1285,0,255,118
0,1286,0,255,113
0,1287,0,255,107
0,1288,0,255,102
0,1289,0,255,96
0,1290,0,255,91
0,1291,0,255,85
0,1292,3,255,79
0,1293,25,255,72
0,1294,48,255,65
0,1295,72,255,59
0,1296,97,255,51
0,1297,123,255,44
0,1298,150,255,36
0,1299,179,255,28
0,1300,208,255,19
0,1301,239,255,11
0,1302,255,240,1
0,1303,255,214,0
0,1304,255,192,0
0,1305,255,173,0
0,1306,255,157,0
0,1307,255,143,0
0,1308,255,131,0
0,1309,255,120,0
0,1310,255,110,0
0,1311,255,102,0
0,1312,255,94,0
0,1313,255,87,0
0,1314,255,81,0
0,1315,255,75,0
0,1316,255,69,0
0,1317,255,64,0
0,1318,255,60,0
0,1319,255,56,0
0,1320,0,255,132
0,1321,0,255,127
0,1322,0,255,123
0,1323,0,255,118
0,1324,0,255,113
0,1325,0,255,109
0,1326,0,255,104
0,1327,0,255,98
0,1328,0,255,93
0,1329,0,255,87
0,1330,0,255,82
0,1331,0,255,76
0,1332,0,255,70
0,1333,22,255,63
0,1334,44,255,57
0,1335,67,255,50
0,1336,91,255,43
0,1337,116,255,35
0,1338,142,255,28
0,1339,169,255,20
0,1340,197,255,11
0,1341,226,255,3
0,1342,255,253,0
0,1343,255,225,0
0,1344,255,202,0
0,1345,255,182,0
0,1346,255,166,0
0,1347,255,151,0
0,1348,255,138,0
0,1349,255,127,0
0,1350,255,117,0
0,1351,255,108,0
0,1352,255,100,0
0,1353,255,92,0
0,1354,255,86,0
0,1355,255,80,0
0,1356,255,74,0
0,1357,255,69,0
0,1358,255,64,0
0,1359,255,60,0
0,1360,0,255,123
0,1361,0,255,119
0,1362,0,255,114
0,1363,0,255,110
0,1364,0,255,105
0,1365,0,255,100
0,1366,0,255,95
0,1367,0,255,90
0,1368,0,255,84
0,1369,0,255,79
0,1370,0,255,73
0,1371,0,255,67
0,1372,0,255,61
0,1373,18,255,55
0,1374,40,255,48
0,1375,62,255,42
0,1376,85,255,35
0,1377,109,255,27
0,1378,134,255,20
0,1379,160,255,12
0,1380,187,255,4
0,1381,215,255,0
0,1382,244,255,0
0,1383,255,237,0
0,1384,255,213,0
0,1385,255,192,0
0,1386,255,174,0
0,1387,255,159,0
0,1388,255,145,0
0,1389,255,134,0
0,1390,255,123,0
0,1391,255,114,0
0,1392,255,105,0
0,1393,255,98,0
0,1394,255,91,0
0,1395,255,84,0
0,1396,255,79,0
0,1397,255,73,0
0,1398,255,68,0
0,1399,255,64,0
0,1400,0,255,115
0,1401,0,255,111
0,1402,0,255,106
0,1403,0,255,101
0,1404,0,255,97
0,1405,0,255,92
0,1406,0,255,87
0,1407,0,255,82
0,1408,0,255,76
0,1409,0,255,71
0,1410,0,255,65
0,1411,0,255,59
0,1412,0,255,53
0,1413,15,255,47
0,1414,36,255,41
0,1415,58,255,34
0,1416,80,255,27
0,1417,103,255,20
0,1418,127,255,13
0,1419,152,255,5
0,1420,177,255,0
0,1421,204,255,0
0,1422,232,255,0
0,1423,255,249,0
0,1424,255,224,0
0,1425,255,202,0
0,1426,255,183,0
0,1427,255,167,0
0,1428,255,153,0
0,1429,255,141,0
0,1430,255,130,0
0,1431,255,120,0
0,1432,255,111,0
0,1433,255,103,0
0,1434,255,96,0
0,1435,255,89,0
0,1436,255,83,0
0,1437,255,78,0
0,1438,255,72,0
0,1439,255,68,0
0,1440,0,255,107
0,1441,0,255,103
0,1442,0,255,98
0,1443,0,255,94
0,1444,0,255,89
0,1445,0,255,84
0,1446,0,255,79
0,1447,0,255,74
0,1448,0,255,69
0,1449,0,255,63
0,1450,0,255,58
0,1451,0,255,52
0,1452,0,255,46
0,1453,12,255,40
0,1454,32,255,33
0,1455,53,255,27
0,1456,75,255,20
0,1457,97,255,13
0,1458,120,255,6
0,1459,144,255,0
0,1460,168,255,0
0,1461,194,255,0
0,1462,221,255,0
0,1463,248,255,0
0,1464,255,235,0
0,1465,255,212,0
0,1466,255,192,0
0,1467,255,175,0
0,1468,255,161,0
0,1469,255,148,0
0,1470,255,136,0
0,1471,255,126,0
0,1472,255,117,0
0,1473,255,109,0
0,1474,255,101,0
0,1475,255,94,0
0,1476,255,88,0
0,1477,255,82,0
0,1478,255,77,0
0,1479,255,72,0
0,1480,0,255,100
0,1481,0,255,96
0,1482,0,255,91
0,1483,0,255,87
0,1484,0,255,82
0,1485,0,255,77
0,1486,0,255,72
0,1487,0,255,67
0,1488,0,255,62
0,1489,0,255,56
0,1490,0,255,51
0,1491,0,255,45
0,1492,0,255,39
0,1493,10,255,33
0,1494,29,255,27
0,1495,49,255,20
0,1496,70,255,13
0,1497,91,255,7
0,1498,114,255,0
0,1499,136,255,0
0,1500,160,255,0
0,1501,185,255,0
0,1502,210,255,0
0,1503,237,255,0
0,1504,255,246,0
0,1505,255,222,0
0,1506,255,201,0
0,1507,255,184,0
0,1508,255,168,0
0,1509,255,155,0
0,1510,255,143,0
0,1511,255,132,0
0,1512,255,123,0
0,1513,255,114,0
0,1514,255,106,0
0,1515,255,99,0
0,1516,255,93,0
0,1517,255,87,0
0,1518,255,81,0
0,1519,255,76,0
0,1520,0,255,93
0,1521,0,255,89
0,1522,0,255,84
0,1523,0,255,80
0,1524,0,255,75
0,1525,0,255,70
0,1526,0,255,65
0,1527,0,255,60
0,1528,0,255,55
0,1529,0,255,50
0,1530,0,255,44
0,1531,0,255,38
0,1532,0,255,33
0,1533,7,255,27
0,1534,26,255,20
0,1535,45,255,14
0,1536,65,255,7
0,1537,86,255,0
0,1538,107,255,0
0,1539,130,255,0
0,1540,153,255,0
0,1541,176,255,0
0,1542,201,255,0
0,1543,226,255,0
0,1544,253,255,0
0,1545,255,232,0
0,1546,255,211,0
0,1547,255,192,0
0,1548,255,176,0
0,1549,255,162,0
0,1550,255,150,0
0,1551,255,139,0
0,1552,255,129,0
0,1553,255,120,0
0,1554,255,112,0
0,1555,255,104,0
0,1556,255,97,0
0,1557,255,91,0
0,1558,255,85,0
0,1559,255,80,0
0,1560,0,255,86
0,1561,0,255,82
0,1562,0,255,77
0,1563,0,255,73
0,1564,0,255,68
0,1565,0,255,64
0,1566,0,255,59
0,1567,0,255,54
0,1568,0,255,49
0,1569,0,255,43
0,1570,0,255,38
0,1571,0,255,32
0,1572,0,255,26
0,1573,5,255,20
0,1574,23,255,14
0,1575,42,255,8
0,1576,61,255,1
0,1577,81,255,0
0,1578,102,255,0
0,1579,123,255,0
0,1580,145,255,0
0,1581,168,255,0
0,1582,192,255,0
0,1583,216,255,0
0,1584,242,255,0
0,1585,255,243,0
0,1586,255,220,0
0,1587,255,201,0
0,1588,255,184,0
0,1589,255,170,0
0,1590,255,157,0
0,1591,255,145,0
0,1592,255,135,0
0,1593,255,125,0
0,1594,255,117,0
0,1595,255,109,0
0,1596,255,102,0
0,1597,255,96,0
0,1598,255,90,0
0,1599,255,84,0
0,1600,0,255,80
0,1601,0,255,76
0,1602,0,255,71
0,1603,0,255,67
0,1604,0,255,62
0,1605,0,255,57
0,1606,0,255,52
0,1607,0,255,48
0,1608,0,255,42
0,1609,0,255,37
0,1610,0,255,32
0,1611,0,255,26
0,1612,0,255,20
0,1613,2,255,15
0,1614,20,255,9
0,1615,38,255,2
0,1616,57,255,0
0,1617,76,255,0
0,1618,97,255,0
0,1619,117,255,0
0,1620,138,255,0
0,1621,161,255,0
0,1622,183,255,0
0,1623,207,255,0
0,1624,231,255,0
0,1625,255,254,0
0,1626,255,230,0
0,1627,255,210,0
0,1628,255,193,0
0,1629,255,177,0
0,1630,255,164,0
0,1631,255,152,0
0,1632,255,141,0
0,1633,255,131,0
0,1634,255,122,0
0,1635,255,114,0
0,1636,255,107,0
0,1637,255,100,0
0,1638,255,94,0
0,1639,255,89,0
0,1640,0,255,74
0,1641,0,255,69
0,1642,0,255,65
0,1643,0,255,61
0,1644,0,255,56
0,1645,0,255,51
0,1646,0,255,47
0,1647,0,255,42
0,1648,0,255,37
0,1649,0,255,31
0,1650,0,255,26
0,1651,0,255,21
0,1652,0,255,15
0,1653,0,255,9
0,1654,17,255,3
0,1655,35,255,0
0,1656,53,255,0
0,1657,72,255,0
0,1658,91,255,0
0,1659,111,255,0
0,1660,132,255,0
0,1661,153,255,0
0,1662,175,255,0
0,1663,198,255,0
0,1664,221,255,0
0,1665,246,255,0
0,1666,255,240,0
0,1667,255,219,0
0,1668,255,201,0
0,1669,255,185,0
0,1670,255,171,0
0,1671,255,158,0
0,1672,255,147,0
0,1673,255,137,0
0,1674,255,128,0
0,1675,255,120,0
0,1676,255,112,0
0,1677,255,105,0
0,1678,255,99,0
0,1679,255,93,0
0,1680,0,255,68
0,1681,0,255,64
0,1682,0,255,59
0,1683,0,255,55
0,1684,0,255,50
0,1685,0,255,46
0,1686,0,255,41
0,1687,0,255,36
0,1688,0,255,31
0,1689,0,255,26
0,1690,0,255,21
0,1691,0,255,15
0,1692,0,255,10
0,1693,0,255,4
0,1694,15,255,0
0,1695,32,255,0
0,1696,50,255,0
0,1697,68,255,0
0,1698,87,255,0
0,1699,106,255,0
0,1700,126,255,0
0,1701,147,255,0
0,1702,168,255,0
0,1703,190,255,0
0,1704,212,255,0
0,1705,236,255,0
0,1706,255,250,0
0,1707,255,228,0
0,1708,255,209,0
0,1709,255,193,0
0,1710,255,178,0
0,1711,255,165,0
0,1712,255,153,0
0,1713,255,143,0
0,1714,255,134,0
0,1715,255,125,0
0,1716,255,117,0
0,1717,255,110,0
0,1718,255,103,0
0,1719,255,97,0
0,1720,0,255,62
0,1721,0,255,58
0,1722,0,255,54
0,1723,0,255,49
0,1724,0,255,45
0,1725,0,255,40
0,1726,0,255,36
0,1727,0,255,31
0,1728,0,255,26
0,1729,0,255,21
0,1730,0,255,15
0,1731,0,255,10
0,1732,0,255,5
0,1733,0,255,0
0,1734,12,255,0
0,1735,29,255,0
0,1736,46,255,0
0,1737,64,255,0
0,1738,82,255,0
0,1739,101,255,0
0,1740,120,255,0
0,1741,140,255,0
0,1742,161,255,0
0,1743,182,255,0
0,1744,204,255,0
0,1745,226,255,0
0,1746,250,255,0
0,1747,255,238,0
0,1748,255,218,0
0,1749,255,201,0
0,1750,255,185,0
0,1751,255,172,0
0,1752,255,160,0
0,1753,255,149,0
0,1754,255,139,0
0,1755,255,130,0
0,1756,255,122,0
0,1757,255,115,0
0,1758,255,108,0
0,1759,255,102,0
0,1760,0,255,57
0,1761,0,255,53
0,1762,0,255,49
0,1763,0,255,44
0,1764,0,255,40
0,1765,0,255,35
0,1766,0,255,30
0,1767,0,255,26
0,1768,0,255,21
0,1769,0,255,16
0,1770,0,255,11
0,1771,0,255,5
0,1772,0,255,0
0,1773,0,255,0
0,1774,10,255,0
0,1775,26,255,0
0,1776,43,255,0
0,1777,60,255,0
0,1778,78,255,0
0,1779,96,255,0
0,1780,115,255,0
0,1781,134,255,0
0,1782,154,255,0
0,1783,175,255,0
0,1784,196,255,0
0,1785,217,255,0
0,1786,240,255,0
0,1787,255,247,0
0,1788,255,227,0
0,1789,255,209,0
0,1790,255,193,0
0,1791,255,179,0
0,1792,255,166,0
0,1793,255,155,0
0,1794,255,145,0
0,1795,255,136,0
0,1796,255,127,0
0,1797,255,120,0
0,1798,255,112,0
0,1799,255,106,0
0,1800,0,255,52
0,1801,0,255,48
0,1802,0,255,44
0,1803,0,255,39
0,1804,0,255,35
0,1805,0,255,30
0,1806,0,255,26
0,1807,0,255,21
0,1808,0,255,16
0,1809,0,255,11
0,1810,0,255,6
0,1811,0,255,1
0,1812,0,255,0
0,1813,0,255,0
0,1814,8,255,0
0,1815,24,255,0
0,1816,40,255,0
0,1817,57,255,0
0,1818,74,255,0
0,1819,92,255,0
0,1820,110,255,0
0,1821,128,255,0
0,1822,148,255,0
0,1823,168,255,0
0,1824,188,255,0
0,1825,209,255,0
0,1826,231,255,0
0,1827,253,255,0
0,1828,255,235,0
0,1829,255,217,0
0,1830,255,200,0
0,1831,255,186,0
0,1832,255,173,0
0,1833,255,161,0
0,1834,255,151,0
0,1835,255,141,0
0,1836,255,132,0
0,1837,255,124,0
0,1838,255,117,0
0,1839,255,110,0
0,1840,0,255,47
0,1841,0,255,43
0,1842,0,255,39
0,1843,0,255,34
0,1844,0,255,30
0,1845,0,255,25
0,1846,0,255,21
0,1847,0,255,16
0,1848,0,255,11
0,1849,0,255,6
0,1850,0,255,1
0,1851,0,255,0
0,1852,0,255,0
0,1853,0,255,0
0,1854,6,255,0
0,1855,21,255,0
0,1856,37,255,0
0,1857,53,255,0
0,1858,70,255,0
0,1859,87,255,0
0,1860,105,255,0
0,1861,123,255,0
0,1862,142,255,0
0,1863,161,255,0
0,1864,181,255,0
0,1865,201,255,0
0,1866,222,255,0
0,1867,244,255,0
0,1868,255,245,0
0,1869,255,225,0
0,1870,255,208,0
0,1871,255,193,0
0,1872,255,179,0
0,1873,255,167,0
0,1874,255,156,0
0,1875,255,147,0
0,1876,255,138,0
0,1877,255,129,0
0,1878,255,122,0
0,1879,255,115,0
0,1880,0,255,42
0,1881,0,255,38
0,1882,0,255,34
0,1883,0,255,30
0,1884,0,255,25
0,1885,0,255,21
0,1886,0,255,16
0,1887,0,255,12
0,1888,0,255,7
0,1889,0,255,2
0,1890,0,255,0
0,1891,0,255,0
0,1892,0,255,0
0,1893,0,255,0
0,1894,4,255,0
0,1895,19,255,0
0,1896,34,255,0
0,1897,50,255,0
0,1898,66,255,0
0,1899,83,255,0
0,1900,100,255,0
0,1901,118,255,0
0,1902,136,255,0
0,1903,155,255,0
0,1904,174,255,0
0,1905,194,255,0
0,1906,214,255,0
0,1907,235,255,0
0,1908,255,254,0
0,1909,255,234,0
0,1910,255,216,0
0,1911,255,200,0
0,1912,255,186,0
0,1913,255,174,0
0,1914,255,162,0
0,1915,255,152,0
0,1916,255,143,0
0,1917,255,134,0
0,1918,255,127,0
0,1919,255,119,0
0,1920,0,255,38
0,1921,0,255,34
0,1922,0,255,30
0,1923,0,255,25
0,1924,0,255,21
0,1925,0,255,17
0,1926,0,255,12
0,1927,0,255,7
0,1928,0,255,3
0,1929,0,255,0
0,1930,0,255,0
0,1931,0,255,0
0,1932,0,255,0
0,1933,0,255,0
0,1934,2,255,0
0,1935,16,255,0
0,1936,32,255,0
0,1937,47,255,0
0,1938,63,255,0
0,1939,79,255,0
0,1940,96,255,0
0,1941,113,255,0
0,1942,131,255,0
0,1943,149,255,0
0,1944,167,255,0
0,1945,186,255,0
0,1946,206,255,0
0,1947,226,255,0
0,1948,247,255,0
0,1949,255,242,0
0,1950,255,224,0
0,1951,255,207,0
0,1952,255,193,0
0,1953,255,180,0
0,1954,255,168,0
0,1955,255,158,0
0,1956,255,148,0
0,1957,255,140,0
0,1958,255,131,0
0,1959,255,124,0
0,1960,0,255,33
0,1961,0,255,29
0,1962,0,255,25
0,1963,0,255,21
0,1964,0,255,17
0,1965,0,255,12
0,1966,0,255,8
0,1967,0,255,3
0,1968,0,255,0
0,1969,0,255,0
0,1970,0,255,0
0,1971,0,255,0
0,1972,0,255,0
0,1973,0,255,0
0,1974,0,255,0
0,1975,14,255,0
0,1976,29,255,0
0,1977,44,255,0
0,1978,60,255,0
0,1979,75,255,0
0,1980,92,255,0
0,1981,108,255,0
0,1982,126,255,0
0,1983,143,255,0
0,1984,161,255,0
0,1985,180,255,0
0,1986,199,255,0
0,1987,218,255,0
0,1988,238,255,0
0,1989,255,251,0
0,1990,255,232,0
0,1991,255,215,0
0,1992,255,200,0
0,1993,255,187,0
0,1994,255,175,0
0,1995,255,164,0
0,1996,255,154,0
0,1997,255,145,0
0,1998,255,136,0
0,1999,255,129,0
1,0,0,0,255
1,1,0,0,255
1,2,0,0,255
1,3,0,0,255
1,4,0,0,255
1,5,0,0,255
1,6,0,0,255
1,7,13,0,255
1,8,29,0,255
1,9,45,0,255
1,10,61,0,255
1,11,79,0,255
1,12,97,0,255
1,13,117,0,255
1,14,137,0,255
1,15,159,0,255
1,16,181,0,255
1,17,205,0,255
1,18,231,0,255
1,19,255,0,253
1,20,255,0,227
1,21,255,0,206
1,22,255,0,187
1,23,255,0,170
1,24,255,0,155
1,25,255,0,142
1,26,255,0,130
1,27,255,0,119
1,28,255,0,109
1,29,255,0,100
1,30,255,0,92
1,31,255,0,84
1,32,255,0,77
1,33,255,0,70
1,34,255,0,64
1,35,255,0,59
1,36,255,0,54
1,37,255,0,49
1,38,255,0,44
1,39,255,0,40
1,40,0,4,255
1,41,0,0,255
1,42,0,0,255
1,43,0,0,255
1,44,0,0,255
1,45,0,0,255
1,46,0,0,255
1,47,12,0,255
1,48,28,0,255
1,49,44,0,255
1,50,61,0,255
1,51,79,0,255
1,52,98,0,255
1,53,118,0,255
1,54,139,0,255
1,55,161,0,255
1,56,185,0,255
1,57,209,0,255
1,58,236,0,255
1,59,255,0,247
1,60,255,0,222
1,61,255,0,200
1,62,255,0,181
1,63,255,0,165
1,64,255,0,150
1,65,255,0,137
1,66,255,0,125
1,67,255,0,114
1,68,255,0,105
1,69,255,0,96
1,70,255,0,88
1,71,255,0,80
1,72,255,0,73
1,73,255,0,67
1,74,255,0,61
1,75,255,0,56
1,76,255,0,50
1,77,255,0,46
1,78,255,0,41
1,79,255,0,37
1,80,0,14,255
1,81,0,9,255
1,82,0,3,255
1,83,0,0,255
1,84,0,0,255
1,85,0,0,255
1,86,0,0,255
1,87,11,0,255
1,88,27,0,255
1,89,44,0,255
1,90,61,0,255
1,91,80,0,255
1,92,99,0,255
1,93,120,0,255
1,94,141,0,255
1,95,164,0,255
1,96,188,0,255
1,97,214,0,255
1,98,241,0,255
1,99,255,0,241
1,100,255,0,216
1,101,255,0,195
1,102,255,0,176
1,103,255,0,160
1,104,255,0,145
1,105,255,0,132
1,106,255,0,121
1,107,255,0,110
1,108,255,0,101
1,109,255,0,92
1,110,255,0,84
1,111,255,0,77
1,112,255,0,70
1,113,255,0,64
1,114,255,0,58
1,115,255,0,52
1,116,255,0,47
1,117,255,0,43
1,118,255,0,38
1,119,255,0,34
1,120,0,25,255
1,121,0,19,255
1,122,0,14,255
1,123,0,8,255
1,124,0,1,255
1,125,0,0,255
1,126,0,0,255
1,127,10,0,255
1,128,26,0,255
1,129,43,0,255
1,130,61,0,255
1,131,80,0,255
1,132,100,0,255
1,133,121,0,255
1,134,144,0,255
1,135,167,0,255
1,136,192,0,255
1,137,219,0,255
1,138,247,0,255
1,139,255,0,235
1,140,255,0,210
1,141,255,0,189
1,142,255,0,171
1,143,255,0,155
1,144,255,0,141
1,145,255,0,128
1,146,255,0,116
1,147,255,0,106
1,148,255,0,97
1,149,255,0,88
1,150,255,0,80
1,151,255,0,73
1,152,255,0,66
1,153,255,0,60
1,154,255,0,54
1,155,255,0,49
1,156,255,0,44
1,157,255,0,40
1,158,255,0,35
1,159,255,0,31
1,160,0,36,255
1,161,0,31,255
1,162,0,25,255
1,163,0,19,255
1,164,0,13,255
1,165,0,7,255
1,166,0,0,255
1,167,9,0,255
1,168,25,0,255
1,169,43,0,255
1,170,61,0,255
1,171,81,0,255
1,172,101,0,255
1,173,123,0,255
1,174,146,0,255
1,175,170,0,255
1,176,196,0,255
1,177,224,0,255
1,178,253,0,255
1,179,255,0,229
1,180,255,0,205
1,181,255,0,184
1,182,255,0,166
1,183,255,0,150
1,184,255,0,136
1,185,255,0,123
1,186,255,0,112
1,187,255,0,102
1,188,255,0,92
1,189,255,0,84
1,190,255,0,76
1,191,255,0,69
1,192,255,0,63
1,193,255,0,57
1,194,255,0,51
1,195,255,0,46
1,196,255,0,41
1,197,255,0,36
1,198,255,0,32
1,199,255,0,28
1,200,0,47,255
1,201,0,42,255
1,202,0,37,255
1,203,0,31,255
1,204,0,25,255
1,205,0,19,255
1,206,0,12,255
1,207,7,5,255
1,208,24,0,255
1,209,42,0,255
1,210,61,0,255
1,211,81,0,255
1,212,103,0,255
1,213,125,0,255
1,214,149,0,255
1,215,174,0,255
1,216,201,0,255
1,217,229,0,255
1,218,255,0,251
1,219,255,0,223
1,220,255,0,199
1,221,255,0,178
1,222,255,0,160
1,223,255,0,145
1,224,255,0,131
1,225,255,0,118
1,226,255,0,107
1,227,255,0,97
1,228,255,0,88
1,229,255,0,80
1,230,255,0,72
1,231,255,0,65
1,232,255,0,59
1,233,255,0,53
1,234,255,0,48
1,235,255,0,43
1,236,255,0,38
1,237,255,0,33
1,238,255,0,29
1,239,255,0,25
1,240,0,60,255
1,241,0,54,255
1,242,0,49,255
1,243,0,44,255
1,244,0,38,255
1,245,0,32,255
1,246,0,25,255
1,247,6,19,255
1,248,23,11,255
1,249,42,4,255
1,250,61,0,255
1,251,82,0,255
1,252,104,0,255
1,253,127,0,255
1,254,151,0,255
1,255,177,0,255
1,256,205,0,255
1,257,235,0,255
1,258,255,0,244
1,259,255,0,216
1,260,255,0,193
1,261,255,0,173
1,262,255,0,155
1,263,255,0,140
1,264,255,0,126
1,265,255,0,114
1,266,255,0,103
1,267,255,0,93
1,268,255,0,84
1,269,255,0,76
1,270,255,0,68
1,271,255,0,62
1,272,255,0,55
1,273,255,0,50
1,274,255,0,44
1,275,255,0,39
1,276,255,0,35
1,277,255,0,30
1,278,255,0,26
1,279,255,0,22
1,280,0,72,255
1,281,0,67,255
1,282,0,62,255
1,283,0,57,255
1,284,0,51,255
1,285,0,45,255
1,286,0,39,255
1,287,4,32,255
1,288,22,25,255
1,289,41,18,255
1,290,61,11,255
1,291,83,2,255
1,292,105,0,255
1,293,129,0,255
1,294,154,0,255
1,295,181,0,255
1,296,210,0,255
1,297,241,0,255
1,298,255,0,237
1,299,255,0,210
1,300,255,0,187
1,301,255,0,167
1,302,255,0,149
1,303,255,0,134
1,304,255,0,121
1,305,255,0,109
1,306,255,0,98
1,307,255,0,88
1,308,255,0,80
1,309,255,0,72
1,310,255,0,65
1,311,255,0,58
1,312,255,0,52
1,313,255,0,46
1,314,255,0,41
1,315,255,0,36
1,316,255,0,31
1,317,255,0,27
1,318,255,0,23
1,319,255,0,19
1,320,0,85,255
1,321,0,81,255
1,322,0,76,255
1,323,0,71,255
1,324,0,65,255
1,325,0,59,255
1,326,0,53,255
1,327,3,47,255
1,328,21,40,255
1,329,41,33,255
1,330,61,26,255
1,331,83,18,255
1,332,106,9,255
1,333,131,0,255
1,334,157,0,255
1,335,185,0,255
1,336,215,0,255
1,337,248,0,255
1,338,255,0,230
1,339,255,0,203
1,340,255,0,181
1,341,255,0,161
1,342,255,0,144
1,343,255,0,129
1,344,255,0,116
1,345,255,0,104
1,346,255,0,93
1,347,255,0,84
1,348,255,0,75
1,349,255,0,68
1,350,255,0,61
1,351,255,0,54
1,352,255,0,48
1,353,255,0,42
1,354,255,0,37
1,355,255,0,32
1,356,255,0,28
1,357,255,0,24
1,358,255,0,20
1,359,255,0,16
1,360,0,99,255
1,361,0,95,255
1,362,0,90,255
1,363,0,85,255
1,364,0,80,255
1,365,0,74,255
1,366,0,69,255
1,367,1,62,255
1,368,20,56,255
1,369,40,49,255
1,370,61,42,255
1,371,84,34,255
1,372,108,26,255
1,373,133,17,255
1,374,161,8,255
1,375,190,0,255
1,376,221,0,255
1,377,255,0,255
1,378,255,0,223
1,379,255,0,197
1,380,255,0,174
1,381,255,0,155
1,382,255,0,138
1,383,255,0,124
1,384,255,0,111
1,385,255,0,99
1,386,255,0,89
1,387,255,0,80
1,388,255,0,71
1,389,255,0,63
1,390,255,0,57
1,391,255,0,50
1,392,255,0,44
1,393,255,0,39
1,394,255,0,34
1,395,255,0,29
1,396,255,0,25
1,397,255,0,21
1,398,255,0,17
1,399,255,0,13
1,400,0,114,255
1,401,0,109,255
1,402,0,105,255
1,403,0,100,255
1,404,0,95,255
1,405,0,90,255
1,406,0,85,255
1,407,0,79,255
1,408,19,73,255
1,409,40,66,255
1,410,61,59,255
1,411,85,52,255
1,412,109,44,255
1,413,136,35,255
1,414,164,26,255
1,415,194,17,255
1,416,227,6,255
1,417,255,0,248
1,418,255,0,216
1,419,255,0,190
1,420,255,0,168
1,421,255,0,149
1,422,255,0,133
1,423,255,0,118
1,424,255,0,105
1,425,255,0,94
1,426,255,0,84
1,427,255,0,75
1,428,255,0,67
1,429,255,0,59
1,430,255,0,52
1,431,255,0,46
1,432,255,0,40
1,433,255,0,35
1,434,255,0,30
1,435,255,0,26
1,436,255,0,21
1,437,255,0,17
1,438,255,0,14
1,439,255,0,10
1,440,0,129,255
1,441,0,125,255
1,442,0,121,255
1,443,0,116,255
1,444,0,112,255
1,445,0,107,255
1,446,0,101,255
1,447,0,96,255
1,448,18,90,255
1,449,39,84,255
1,450,61,77,255
1,451,85,70,255
1,452,111,63,255
1,453,138,55,255
1,454,168,46,255
1,455,200,37,255
1,456,234,27,255
1,457,255,15,240
1,458,255,4,209
1,459,255,0,183
1,460,255,0,162
1,461,255,0,143
1,462,255,0,127
1,463,255,0,113
1,464,255,0,100
1,465,255,0,89
1,466,255,0,79
1,467,255,0,70
1,468,255,0,62
1,469,255,0,55
1,470,255,0,48
1,471,255,0,42
1,472,255,0,37
1,473,255,0,31
1,474,255,0,27
1,475,255,0,22
1,476,255,0,18
1,477,255,0,14
1,478,255,0,11
1,479,255,0,7
1,480,0,145,255
1,481,0,141,255
1,482,0,137,255
1,483,0,133,255
1,484,0,129,255
1,485,0,124,255
1,486,0,119,255
1,487,0,114,255
1,488,16,109,255
1,489,38,103,255
1,490,61,97,255
1,491,86,90,255
1,492,113,83,255
1,493,141,76,255
1,494,172,67,255
1,495,205,59,255
1,496,241,49,255
1,497,255,35,232
1,498,255,22,202
1,499,255,10,176
1,500,255,1,155
1,501,255,0,137
1,502,255,0,121
1,503,255,0,107
1,504,255,0,95
1,505,255,0,84
1,506,255,0,74
1,507,255,0,66
1,508,255,0,58
1,509,255,0,51
1,510,255,0,44
1,511,255,0,38
1,512,255,0,33
1,513,255,0,28
1,514,255,0,23
1,515,255,0,19
1,516,255,0,15
1,517,255,0,11
1,518,255,0,7
1,519,255,0,4
1,520,0,162,255
1,521,0,158,255
1,522,0,155,255
1,523,0,151,255
1,524,0,147,255
1,525,0,143,255
1,526,0,138,255
1,527,0,134,255
1,528,15,129,255
1,529,37,123,255
1,530,61,118,255
1,531,87,111,255
1,532,115,105,255
1,533,144,98,255
1,534,176,90,255
1,535,211,82,255
1,536,249,73,255
1,537,255,56,225
1,538,255,40,194
1,539,255,27,169
1,540,255,16,148
1,541,255,7,130
1,542,255,0,115
1,543,255,0,101
1,544,255,0,90
1,545,255,0,79
1,546,255,0,70
1,547,255,0,61
1,548,255,0,53
1,549,255,0,46
1,550,255,0,40
1,551,255,0,34
1,552,255,0,29
1,553,255,0,24
1,554,255,0,20
1,555,255,0,15
1,556,255,0,11
1,557,255,0,8
1,558,255,0,4
1,559,255,0,1
1,560,0,179,255
1,561,0,176,255
1,562,0,173,255
1,563,0,170,255
1,564,0,166,255
1,565,0,162,255
1,566,0,159,255
1,567,0,154,255
1,568,13,150,255
1,569,37,145,255
1,570,61,140,255
1,571,88,134,255
1,572,117,128,255
1,573,148,122,255
1,574,181,115,255
1,575,218,108,255
1,576,255,99,253
1,577,255,77,216
1,578,255,59,187
1,579,255,44,162
1,580,255,32,142
1,581,255,22,124
1,582,255,12,109
1,583,255,5,96
1,584,255,0,84
1,585,255,0,74
1,586,255,0,65
1,587,255,0,56
1,588,255,0,49
1,589,255,0,42
1,590,255,0,36
1,591,255,0,30
1,592,255,0,25
1,593,255,0,20
1,594,255,0,16
1,595,255,0,12
1,596,255,0,8
1,597,255,0,4
1,598,255,0,1
1,599,255,0,0
1,600,0,198,255
1,601,0,195,255
1,602,0,192,255
1,603,0,190,255
1,604,0,187,255
1,605,0,183,255
1,606,0,180,255
1,607,0,176,255
1,608,12,172,255
1,609,36,168,255
1,610,61,164,255
1,611,89,159,255
1,612,119,154,255
1,613,151,148,255
1,614,186,142,255
1,615,225,135,255
1,616,255,123,244
1,617,255,98,208
1,618,255,78,179
1,619,255,62,155
1,620,255,48,135
1,621,255,36,118
1,622,255,26,103
1,623,255,17,90
1,624,255,9,79
1,625,255,3,69
1,626,255,0,60
1,627,255,0,52
1,628,255,0,44
1,629,255,0,38
1,630,255,0,32
1,631,255,0,26
1,632,255,0,21
1,633,255,0,17
1,634,255,0,12
1,635,255,0,8
1,636,255,0,5
1,637,255,0,1
1,638,255,0,0
1,639,255,0,0
1,640,0,217,255
1,641,0,215,255
1,642,0,213,255
1,643,0,211,255
1,644,0,208,255
1,645,0,206,255
1,646,0,203,255
1,647,0,200,255
1,648,10,197,255
1,649,35,193,255
1,650,61,190,255
1,651,90,186,255
1,652,121,181,255
1,653,155,177,255
1,654,192,171,255
1,655,232,166,255
1,656,255,147,235
1,657,255,120,200
1,658,255,98,171
1,659,255,79,148
1,660,255,64,128
1,661,255,51,111
1,662,255,40,97
1,663,255,30,84
1,664,255,21,73
1,665,255,14,63
1,666,255,7,55
1,667,255,1,47
1,668,255,0,40
1,669,255,0,33
1,670,255,0,27
1,671,255,0,22
1,672,255,0,17
1,673,255,0,13
1,674,255,0,9
1,675,255,0,5
1,676,255,0,1
1,677,255,0,0
1,678,255,0,0
1,679,255,0,0
1,680,0,238,255
1,681,0,237,255
1,682,0,235,255
1,683,0,233,255
1,684,0,231,255
1,685,0,229,255
1,686,0,227,255
1,687,0,225,255
1,688,8,223,255
1,689,34,220,255
1,690,61,217,255
1,691,91,214,255
1,692,124,211,255
1,693,159,208,255
1,694,198,204,255
1,695,241,199,255
1,696,255,172,226
1,697,255,142,191
1,698,255,118,163
1,699,255,97,140
1,700,255,81,121
1,701,255,66,105
1,702,255,54,91
1,703,255,43,78
1,704,255,34,68
1,705,255,25,58
1,706,255,18,50
1,707,255,11,42
1,708,255,5,35
1,709,255,0,29
1,710,255,0,23
1,711,255,0,18
1,712,255,0,13
1,713,255,0,9
1,714,255,0,5
1,715,255,0,1
1,716,255,0,0
1,717,255,0,0
1,718,255,0,0
1,719,255,0,0
1,720,0,255,250
1,721,0,255,251
1,722,0,255,252
1,723,0,255,253
1,724,0,255,254
1,725,0,255,255
1,726,0,254,255
1,727,0,252,255
1,728,6,251,255
1,729,33,249,255
1,730,61,248,255
1,731,93,246,255
1,732,127,244,255
1,733,164,241,255
1,734,205,239,255
1,735,250,236,255
1,736,255,198,217
1,737,255,165,183
1,738,255,138,155
1,739,255,116,133
1,740,255,97,114
1,741,255,81,98
1,742,255,68,84
1,743,255,56,72
1,744,255,46,62
1,745,255,37,53
1,746,255,29,44
1,747,255,21,37
1,748,255,15,30
1,749,255,9,24
1,750,255,4,19
1,751,255,0,14
1,752,255,0,9
1,753,255,0,5
1,754,255,0,1
1,755,255,0,0
1,756,255,0,0
1,757,255,0,0
1,758,255,0,0
1,759,255,0,0
1,760,0,255,230
1,761,0,255,230
1,762,0,255,230
1,763,0,255,230
1,764,0,255,230
1,765,0,255,231
1,766,0,255,231
1,767,0,255,231
1,768,3,255,231
1,769,29,255,232
1,770,56,255,232
1,771,86,255,232
1,772,119,255,233
1,773,155,255,233
1,774,195,255,234
1,775,239,255,234
1,776,255,225,207
1,777,255,188,174
1,778,255,158,147
1,779,255,134,125
1,780,255,114,107
1,781,255,97,91
1,782,255,82,78
1,783,255,69,66
1,784,255,58,56
1,785,255,48,47
1,786,255,40,39
1,787,255,32,32
1,788,255,25,26
1,789,255,18,20
1,790,255,12,15
1,791,255,7,10
1,792,255,2,5
1,793,255,0,1
1,794,255,0,0
1,795,255,0,0
1,796,255,0,0
1,797,255,0,0
1,798,255,0,0
1,799,255,0,0
1,800,0,255,211
1,801,0,255,211
1,802,0,255,210
1,803,0,255,210
1,804,0,255,209
1,805,0,255,209
1,806,0,255,208
1,807,0,255,208
1,808,1,255,207
1,809,24,255,207
1,810,50,255,206
1,811,77,255,205
1,812,107,255,204
1,813,139,255,203
1,814,175,255,202
1,815,215,255,201
1,816,255,251,197
1,817,255,211,165
1,818,255,179,139
1,819,255,153,117
1,820,255,131,99
1,821,255,113,84
1,822,255,97,71
1,823,255,83,60
1,824,255,71,50
1,825,255,60,42
1,826,255,51,34
1,827,255,42,27
1,828,255,35,21
1,829,255,28,15
1,830,255,21,10
1,831,255,16,5
1,832,255,10,1
1,833,255,5,0
1,834,255,1,0
1,835,255,0,0
1,836,255,0,0
1,837,255,0,0
1,838,255,0,0
1,839,255,0,0
1,840,0,255,194
1,841,0,255,194
1,842,0,255,193
1,843,0,255,192
1,844,0,255,191
1,845,0,255,190
1,846,0,255,189
1,847,0,255,187
1,848,0,255,186
1,849,21,255,185
1,850,44,255,183
1,851,69,255,182
1,852,97,255,180
1,853,126,255,178
1,854,159,255,176
1,855,194,255,173
1,856,233,255,171
1,857,255,236,155
1,858,255,201,130
1,859,255,172,109
1,860,255,149,92
1,861,255,129,77
1,862,255,111,65
1,863,255,97,54
1,864,255,84,44
1,865,255,72,36
1,866,255,62,29
1,867,255,53,22
1,868,255,45,16
1,869,255,37,11
1,870,255,30,6
1,871,255,24,1
1,872,255,19,0
1,873,255,13,0
1,874,255,9,0
1,875,255,4,0
1,876,255,0,0
1,877,255,0,0
1,878,255,0,0
1,879,255,0,0
1,880,0,255,179
1,881,0,255,178
1,882,0,255,177
1,883,0,255,176
1,884,0,255,174
1,885,0,255,173
1,886,0,255,171
1,887,0,255,169
1,888,0,255,167
1,889,18,255,166
1,890,39,255,163
1,891,63,255,161
1,892,88,255,159
1,893,115,255,156
1,894,145,255,153
1,895,177,255,150
1,896,212,255,147
1,897,250,255,143
1,898,255,222,121
1,899,255,192,101
1,900,255,166,84
1,901,255,145,70
1,902,255,126,58
1,903,255,110,48
1,904,255,96,39
1,905,255,84,30
1,906,255,73,23
1,907,255,63,17
1,908,255,55,11
1,909,255,47,6
1,910,255,39,1
1,911,255,33,0
1,912,255,27,0
1,913,255,21,0
1,914,255,16,0
1,915,255,11,0
1,916,255,7,0
1,917,255,3,0
1,918,255,0,0
1,919,255,0,0
1,920,0,255,166
1,921,0,255,164
1,922,0,255,163
1,923,0,255,161
1,924,0,255,159
1,925,0,255,157
1,926,0,255,155
1,927,0,255,153
1,928,0,255,151
1,929,15,255,149
1,930,35,255,146
1,931,57,255,143
1,932,80,255,140
1,933,105,255,137
1,934,132,255,134
1,935,162,255,130
1,936,193,255,126
1,937,228,255,122
1,938,255,245,112
1,939,255,212,93
1,940,255,184,77
1,941,255,161,63
1,942,255,141,51
1,943,255,124,41
1,944,255,109,33
1,945,255,96,25
1,946,255,85,18
1,947,255,74,12
1,948,255,65,6
1,949,255,56,1
1,950,255,49,0
1,951,255,42,0
1,952,255,35,0
1,953,255,29,0
1,954,255,24,0
1,955,255,19,0
1,956,255,14,0
1,957,255,10,0
1,958,255,6,0
1,959,255,2,0
1,960,0,255,153
1,961,0,255,151
1,962,0,255,150
1,963,0,255,148
1,964,0,255,146
1,965,0,255,143
1,966,0,255,141
1,967,0,255,139
1,968,0,255,136
1,969,12,255,133
1,970,31,255,131
1,971,52,255,127
1,972,74,255,124
1,973,97,255,121
1,974,122,255,117
1,975,149,255,113
1,976,178,255,108
1,977,209,255,104
1,978,243,255,99
1,979,255,232,84
1,980,255,202,69
1,981,255,178,56
1,982,255,157,45
1,983,255,138,35
1,984,255,122,26
1,985,255,108,19
1,986,255,96,12
1,987,255,85,7
1,988,255,75,1
1,989,255,66,0
1,990,255,58,0
1,991,255,50,0
1,992,255,44,0
1,993,255,37,0
1,994,255,32,0
1,995,255,26,0
1,996,255,21,0
1,997,255,17,0
1,998,255,12,0
1,999,255,8,0
1,1000,0,255,142
1,1001,0,255,140
1,1002,0,255,138
1,1003,0,255,135
1,1004,0,255,133
1,1005,0,255,131
1,1006,0,255,128
1,1007,0,255,126
1,1008,0,255,123
1,1009,10,255,120
1,1010,28,255,117
1,1011,47,255,113
1,1012,68,255,110
1,1013,89,255,106
1,1014,113,255,102
1,1015,137,255,98
1,1016,164,255,93
1,1017,193,255,88
1,1018,224,255,83
1,1019,255,252,76
1,1020,255,221,61
1,1021,255,195,48
1,1022,255,172,38
1,1023,255,153,28
1,1024,255,136,20
1,1025,255,121,13
1,1026,255,108,7
1,1027,255,96,1
1,1028,255,85,0
1,1029,255,76,0
1,1030,255,67,0
1,1031,255,59,0
1,1032,255,52,0
1,1033,255,45,0
1,1034,255,39,0
1,1035,255,34,0
1,1036,255,28,0
1,1037,255,24,0
1,1038,255,19,0
1,1039,255,15,0
1,1040,0,255,131
1,1041,0,255,129
1,1042,0,255,127
1,1043,0,255,124
1,1044,0,255,122
1,1045,0,255,119
1,1046,0,255,117
1,1047,0,255,114
1,1048,0,255,111
1,1049,8,255,108
1,1050,25,255,104
1,1051,43,255,101
1,1052,62,255,97
1,1053,83,255,93
1,1054,104,255,89
1,1055,128,255,84
1,1056,152,255,80
1,1057,179,255,74
1,1058,207,255,69
1,1059,238,255,63
1,1060,255,240,53
1,1061,255,212,41
1,1062,255,188,31
1,1063,255,167,22
1,1064,255,149,14
1,1065,255,133,7
1,1066,255,120,1
1,1067,255,107,0
1,1068,255,96,0
1,1069,255,86,0
1,1070,255,77,0
1,1071,255,68,0
1,1072,255,61,0
1,1073,255,54,0
1,1074,255,47,0
1,1075,255,41,0
1,1076,255,36,0
1,1077,255,31,0
1,1078,255,26,0
1,1079,255,21,0
1,1080,0,255,121
1,1081,0,255,119
1,1082,0,255,117
1,1083,0,255,114
1,1084,0,255,112
1,1085,0,255,109
1,1086,0,255,106
1,1087,0,255,103
1,1088,0,255,100
1,1089,6,255,97
1,1090,22,255,93
1,1091,40,255,89
1,1092,58,255,86
1,1093,77,255,81
1,1094,97,255,77
1,1095,119,255,72
1,1096,142,255,68
1,1097,166,255,62
1,1098,193,255,57
1,1099,221,255,51
1,1100,251,255,44
1,1101,255,229,33
1,1102,255,204,24
1,1103,255,182,15
1,1104,255,163,8
1,1105,255,146,1
1,1106,255,131,0
1,1107,255,118,0
1,1108,255,106,0
1,1109,255,96,0
1,1110,255,86,0
1,1111,255,77,0
1,1112,255,69,0
1,1113,255,62,0
1,1114,255,55,0
1,1115,255,49,0
1,1116,255,43,0
1,1117,255,38,0
1,1118,255,32,0
1,1119,255,28,0
1,1120,0,255,112
1,1121,0,255,110
1,1122,0,255,107
1,1123,0,255,105
1,1124,0,255,102
1,1125,0,255,99
1,1126,0,255,96
1,1127,0,255,93
1,1128,0,255,90
1,1129,5,255,87
1,1130,20,255,83
1,1131,36,255,79
1,1132,53,255,75
1,1133,71,255,71
1,1134,91,255,67
1,1135,111,255,62
1,1136,132,255,57
1,1137,155,255,52
1,1138,180,255,46
1,1139,206,255,40
1,1140,234,255,33
1,1141,255,247,26
1,1142,255,220,16
1,1143,255,197,8
1,1144,255,177,1
1,1145,255,159,0
1,1146,255,143,0
1,1147,255,130,0
1,1148,255,117,0
1,1149,255,106,0
1,1150,255,96,0
1,1151,255,86,0
1,1152,255,78,0
1,1153,255,70,0
1,1154,255,63,0
1,1155,255,56,0
1,1156,255,50,0
1,1157,255,45,0
1,1158,255,39,0
1,1159,255,34,0
1,1160,0,255,104
1,1161,0,255,101
1,1162,0,255,99
1,1163,0,255,96
1,1164,0,255,93
1,1165,0,255,90
1,1166,0,255,87
1,1167,0,255,84
1,1168,0,255,81
1,1169,3,255,77
1,1170,18,255,74
1,1171,33,255,70
1,1172,49,255,66
1,1173,67,255,62
1,1174,85,255,57
1,1175,104,255,52
1,1176,124,255,47
1,1177,145,255,42
1,1178,168,255,36
1,1179,192,255,30
1,1180,218,255,24
1,1181,246,255,17
1,1182,255,236,9
1,1183,255,212,1
1,1184,255,191,0
1,1185,255,172,0
1,1186,255,156,0
1,1187,255,141,0
1,1188,255,128,0
1,1189,255,116,0
1,1190,255,105,0
1,1191,255,96,0
1,1192,255,87,0
1,1193,255,79,0
1,1194,255,71,0
1,1195,255,64,0
1,1196,255,58,0
1,1197,255,52,0
1,1198,255,46,0
1,1199,255,41,0
1,1200,0,255,96
1,1201,0,255,93
1,1202,0,255,91
1,1203,0,255,88
1,1204,0,255,85
1,1205,0,255,82
1,1206,0,255,79
1,1207,0,255,76
1,1208,0,255,72
1,1209,2,255,69
1,1210,16,255,65
1,1211,30,255,61
1,1212,46,255,57
1,1213,62,255,53
1,1214,79,255,48
1,1215,97,255,44
1,1216,116,255,39
1,1217,136,255,33
1,1218,158,255,28
1,1219,180,255,22
1,1220,204,255,16
1,1221,230,255,9
1,1222,255,253,2
1,1223,255,227,0
1,1224,255,205,0
1,1225,255,185,0
1,1226,255,168,0
1,1227,255,152,0
1,1228,255,139,0
1,1229,255,126,0
1,1230,255,115,0
1,1231,255,105,0
1,1232,255,96,0
1,1233,255,87,0
1,1234,255,79,0
1,1235,255,72,0
1,1236,255,65,0
1,1237,255,59,0
1,1238,255,53,0
1,1239,255,48,0
1,1240,0,255,88
1,1241,0,255,86
1,1242,0,255,83
1,1243,0,255,80
1,1244,0,255,78
1,1245,0,255,75
1,1246,0,255,71
1,1247,0,255,68
1,1248,0,255,65
1,1249,0,255,61
1,1250,14,255,57
1,1251,28,255,54
1,1252,43,255,49
1,1253,58,255,45
1,1254,74,255,41
1,1255,91,255,36
1,1256,109,255,31
1,1257,128,255,26
1,1258,148,255,20
1,1259,170,255,14
1,1260,192,255,8
1,1261,216,255,1
1,1262,241,255,0
1,1263,255,243,0
1,1264,255,219,0
1,1265,255,198,0
1,1266,255,180,0
1,1267,255,164,0
1,1268,255,150,0
1,1269,255,137,0
1,1270,255,125,0
1,1271,255,114,0
1,1272,255,104,0
1,1273,255,95,0
1,1274,255,87,0
1,1275,255,80,0
1,1276,255,73,0
1,1277,255,66,0
1,1278,255,60,0
1,1279,255,54,0
1,1280,0,255,82
1,1281,0,255,79
1,1282,0,255,76
1,1283,0,255,73
1,1284,0,255,70
1,1285,0,255,67
1,1286,0,255,64
1,1287,0,255,61
1,1288,0,255,58
1,1289,0,255,54
1,1290,12,255,50
1,1291,26,255,46
1,1292,40,255,42
1,1293,54,255,38
1,1294,70,255,33
1,1295,86,255,29
1,1296,103,255,24
1,1297,121,255,19
1,1298,140,255,13
1,1299,160,255,7
1,1300,181,255,1
1,1301,203,255,0
1,1302,227,255,0
1,1303,252,255,0
1,1304,255,234,0
1,1305,255,212,0
1,1306,255,193,0
1,1307,255,176,0
1,1308,255,161,0
1,1309,255,147,0
1,1310,255,135,0
1,1311,255,124,0
1,1312,255,113,0
1,1313,255,104,0
1,1314,255,95,0
1,1315,255,87,0
1,1316,255,80,0
1,1317,255,73,0
1,1318,255,67,0
1,1319,255,61,0
1,1320,0,255,75
1,1321,0,255,72
1,1322,0,255,70
1,1323,0,255,67
1,1324,0,255,64
1,1325,0,255,61
1,1326,0,255,58
1,1327,0,255,54
1,1328,0,255,51
1,1329,0,255,47
1,1330,11,255,44
1,1331,23,255,40
1,1332,37,255,36
1,1333,51,255,31
1,1334,66,255,27
1,1335,81,255,22
1,1336,97,255,17
1,1337,114,255,12
1,1338,132,255,7
1,1339,151,255,1
1,1340,171,255,0
1,1341,192,255,0
1,1342,214,255,0
1,1343,237,255,0
1,1344,255,248,0
1,1345,255,226,0
1,1346,255,206,0
1,1347,255,188,0
1,1348,255,172,0
1,1349,255,158,0
1,1350,255,145,0
1,1351,255,133,0
1,1352,255,122,0
1,1353,255,113,0
1,1354,255,104,0
1,1355,255,95,0
1,1356,255,88,0
1,1357,255,81,0
1,1358,255,74,0
1,1359,255,68,0
1,1360,0,255,69
1,1361,0,255,66
1,1362,0,255,64
1,1363,0,255,61
1,1364,0,255,58
1,1365,0,255,55
1,1366,0,255,51
1,1367,0,255,48
1,1368,0,255,45
1,1369,0,255,41
1,1370,9,255,37
1,1371,21,255,34
1,1372,34,255,29
1,1373,48,255,25
1,1374,62,255,21
1,1375,77,255,16
1,1376,92,255,11
1,1377,108,255,6
1,1378,125,255,1
1,1379,143,255,0
1,1380,162,255,0
1,1381,181,255,0
1,1382,202,255,0
1,1383,224,255,0
1,1384,247,255,0
1,1385,255,239,0
1,1386,255,218,0
1,1387,255,200,0
1,1388,255,183,0
1,1389,255,168,0
1,1390,255,155,0
1,1391,255,143,0
1,1392,255,132,0
1,1393,255,121,0
1,1394,255,112,0
1,1395,255,103,0
1,1396,255,95,0
1,1397,255,88,0
1,1398,255,81,0
1,1399,255,74,0
1,1400,0,255,63
1,1401,0,255,61
1,1402,0,255,58
1,1403,0,255,55
1,1404,0,255,52
1,1405,0,255,49
1,1406,0,255,46
1,1407,0,255,42
1,1408,0,255,39
1,1409,0,255,35
1,1410,8,255,32
1,1411,20,255,28
1,1412,32,255,24
1,1413,45,255,20
1,1414,58,255,15
1,1415,73,255,11
1,1416,87,255,6
1,1417,103,255,1
1,1418,119,255,0
1,1419,136,255,0
1,1420,153,255,0
1,1421,172,255,0
1,1422,192,255,0
1,1423,212,255,0
1,1424,234,255,0
1,1425,255,253,0
1,1426,255,231,0
1,1427,255,212,0
1,1428,255,195,0
1,1429,255,179,0
1,1430,255,165,0
1,1431,255,152,0
1,1432,255,141,0
1,1433,255,130,0
1,1434,255,120,0
1,1435,255,111,0
1,1436,255,103,0
1,1437,255,95,0
1,1438,255,88,0
1,1439,255,81,0
1,1440,0,255,58
1,1441,0,255,55
1,1442,0,255,52
1,1443,0,255,50
1,1444,0,255,47
1,1445,0,255,43
1,1446,0,255,40
1,1447,0,255,37
1,1448,0,255,34
1,1449,0,255,30
1,1450,6,255,26
1,1451,18,255,22
1,1452,30,255,18
1,1453,42,255,14
1,1454,55,255,10
1,1455,69,255,5
1,1456,83,255,1
1,1457,97,255,0
1,1458,113,255,0
1,1459,129,255,0
1,1460,146,255,0
1,1461,163,255,0
1,1462,182,255,0
1,1463,201,255,0
1,1464,222,255,0
1,1465,243,255,0
1,1466,255,244,0
1,1467,255,224,0
1,1468,255,206,0
1,1469,255,190,0
1,1470,255,175,0
1,1471,255,162,0
1,1472,255,150,0
1,1473,255,139,0
1,1474,255,129,0
1,1475,255,119,0
1,1476,255,111,0
1,1477,255,103,0
1,1478,255,95,0
1,1479,255,88,0
1,1480,0,255,53
1,1481,0,255,50
1,1482,0,255,47
1,1483,0,255,44
1,1484,0,255,41
1,1485,0,255,38
1,1486,0,255,35
1,1487,0,255,32
1,1488,0,255,28
1,1489,0,255,25
1,1490,5,255,21
1,1491,16,255,17
1,1492,28,255,14
1,1493,40,255,9
1,1494,52,255,5
1,1495,65,255,1
1,1496,79,255,0
1,1497,93,255,0
1,1498,107,255,0
1,1499,123,255,0
1,1500,139,255,0
1,1501,155,255,0
1,1502,173,255,0
1,1503,191,255,0
1,1504,211,255,0
1,1505,231,255,0
1,1506,252,255,0
1,1507,255,237,0
1,1508,255,218,0
1,1509,255,201,0
1,1510,255,186,0
1,1511,255,172,0
1,1512,255,159,0
1,1513,255,148,0
1,1514,255,137,0
1,1515,255,127,0
1,1516,255,118,0
1,1517,255,110,0
1,1518,255,102,0
1,1519,255,95,0
1,1520,0,255,48
1,1521,0,255,45
1,1522,0,255,42
1,1523,0,255,40
1,1524,0,255,37
1,1525,0,255,34
1,1526,0,255,30
1,1527,0,255,27
1,1528,0,255,24
1,1529,0,255,20
1,1530,4,255,17
1,1531,15,255,13
1,1532,26,255,9
1,1533,37,255,5
1,1534,49,255,1
1,1535,62,255,0
1,1536,75,255,0
1,1537,88,255,0
1,1538,102,255,0
1,1539,117,255,0
1,1540,132,255,0
1,1541,148,255,0
1,1542,165,255,0
1,1543,182,255,0
1,1544,200,255,0
1,1545,220,255,0
1,1546,240,255,0
1,1547,255,249,0
1,1548,255,230,0
1,1549,255,212,0
1,1550,255,196,0
1,1551,255,182,0
1,1552,255,169,0
1,1553,255,157,0
1,1554,255,146,0
1,1555,255,136,0
1,1556,255,126,0
1,1557,255,118,0
1,1558,255,110,0
1,1559,255,102,0
1,1560,0,255,43
1,1561,0,255,41
1,1562,0,255,38
1,1563,0,255,35
1,1564,0,255,32
1,1565,0,255,29
1,1566,0,255,26
1,1567,0,255,23
1,1568,0,255,19
1,1569,0,255,16
1,1570,3,255,12
1,1571,13,255,8
1,1572,24,255,5
1,1573,35,255,1
1,1574,47,255,0
1,1575,59,255,0
1,1576,71,255,0
1,1577,84,255,0
1,1578,98,255,0
1,1579,112,255,0
1,1580,126,255,0
1,1581,141,255,0
1,1582,157,255,0
1,1583,174,255,0
1,1584,191,255,0
1,1585,209,255,0
1,1586,228,255,0
1,1587,248,255,0
1,1588,255,241,0
1,1589,255,223,0
1,1590,255,207,0
1,1591,255,192,0
1,1592,255,178,0
1,1593,255,166,0
1,1594,255,154,0
1,1595,255,144,0
1,1596,255,134,0
1,1597,255,125,0
1,1598,255,117,0
1,1599,255,109,0
1,1600,0,255,39
1,1601,0,255,36
1,1602,0,255,34
1,1603,0,255,31
1,1604,0,255,28
1,1605,0,255,25
1,1606,0,255,22
1,1607,0,255,18
1,1608,0,255,15
1,1609,0,255,12
1,1610,2,255,8
1,1611,12,255,4
1,1612,22,255,1
1,1613,33,255,0
1,1614,44,255,0
1,1615,56,255,0
1,1616,68,255,0
1,1617,80,255,0
1,1618,93,255,0
1,1619,107,255,0
1,1620,121,255,0
1,1621,135,255,0
1,1622,150,255,0
1,1623,166,255,0
1,1624,183,255,0
1,1625,200,255,0
1,1626,218,255,0
1,1627,237,255,0
1,1628,255,253,0
1,1629,255,235,0
1,1630,255,217,0
1,1631,255,202,0
1,1632,255,188,0
1,1633,255,175,0
1,1634,255,163,0
1,1635,255,152,0
1,1636,255,142,0
1,1637,255,133,0
1,1638,255,124,0
1,1639,255,116,0
1,1640,0,255,35
1,1641,0,255,32
1,1642,0,255,29
1,1643,0,255,27
1,1644,0,255,24
1,1645,0,255,21
1,1646,0,255,18
1,1647,0,255,14
1,1648,0,255,11
1,1649,0,255,8
1,1650,1,255,4
1,1651,11,255,0
1,1652,21,255,0
1,1653,31,255,0
1,1654,42,255,0
1,1655,53,255,0
1,1656,65,255,0
1,1657,77,255,0
1,1658,89,255,0
1,1659,102,255,0
1,1660,115,255,0
1,1661,129,255,0
1,1662,144,255,0
1,1663,159,255,0
1,1664,175,255,0
1,1665,191,255,0
1,1666,208,255,0
1,1667,226,255,0
1,1668,245,255,0
1,1669,255,246,0
1,1670,255,228,0
1,1671,255,212,0
1,1672,255,197,0
1,1673,255,184,0
1,1674,255,172,0
1,1675,255,161,0
1,1676,255,150,0
1,1677,255,141,0
1,1678,255,132,0
1,1679,255,123,0
1,1680,0,255,31
1,1681,0,255,28
1,1682,0,255,26
1,1683,0,255,23
1,1684,0,255,20
1,1685,0,255,17
1,1686,0,255,14
1,1687,0,255,11
1,1688,0,255,7
1,1689,0,255,4
1,1690,0,255,0
1,1691,10,255,0
1,1692,19,255,0
1,1693,29,255,0
1,1694,40,255,0
1,1695,51,255,0
1,1696,62,255,0
1,1697,73,255,0
1,1698,85,255,0
1,1699,98,255,0
1,1700,111,255,0
1,1701,124,255,0
1,1702,138,255,0
1,1703,152,255,0
1,1704,167,255,0
1,1705,183,255,0
1,1706,199,255,0
1,1707,216,255,0
1,1708,234,255,0
1,1709,253,255,0
1,1710,255,239,0
1,1711,255,222,0
1,1712,255,207,0
1,1713,255,193,0
1,1714,255,181,0
1,1715,255,169,0
1,1716,255,158,0
1,1717,255,148,0
1,1718,255,139,0
1,1719,255,130,0
1,1720,0,255,27
1,1721,0,255,25
1,1722,0,255,22
1,1723,0,255,19
1,1724,0,255,16
1,1725,0,255,13
1,1726,0,255,10
1,1727,0,255,7
1,1728,0,255,4
1,1729,0,255,0
1,1730,0,255,0
1,1731,8,255,0
1,1732,18,255,0
1,1733,28,255,0
1,1734,38,255,0
1,1735,48,255,0
1,1736,59,255,0
1,1737,70,255,0
1,1738,82,255,0
1,1739,94,255,0
1,1740,106,255,0
1,1741,119,255,0
1,1742,132,255,0
1,1743,146,255,0
1,1744,160,255,0
1,1745,175,255,0
1,1746,191,255,0
1,1747,207,255,0
1,1748,224,255,0
1,1749,242,255,0
1,1750,255,250,0
1,1751,255,233,0
1,1752,255,217,0
1,1753,255,203,0
1,1754,255,190,0
1,1755,255,178,0
1,1756,255,166,0
1,1757,255,156,0
1,1758,255,147,0
1,1759,255,138,0
1,1760,0,255,24
1,1761,0,255,21
1,1762,0,255,18
1,1763,0,255,16
1,1764,0,255,13
1,1765,0,255,10
1,1766,0,255,7
1,1767,0,255,4
1,1768,0,255,0
1,1769,0,255,0
1,1770,0,255,0
1,1771,7,255,0
1,1772,17,255,0
1,1773,26,255,0
1,1774,36,255,0
1,1775,46,255,0
1,1776,56,255,0
1,1777,67,255,0
1,1778,78,255,0
1,1779,90,255,0
1,1780,102,255,0
1,1781,114,255,0
1,1782,127,255,0
1,1783,140,255,0
1,1784,154,255,0
1,1785,168,255,0
1,1786,183,255,0
1,1787,199,255,0
1,1788,215,255,0
1,1789,232,255,0
1,1790,249,255,0
1,1791,255,243,0
1,1792,255,227,0
1,1793,255,212,0
1,1794,255,199,0
1,1795,255,186,0
1,1796,255,175,0
1,1797,255,164,0
1,1798,255,154,0
1,1799,255,145,0
1,1800,0,255,20
1,1801,0,255,18
1,1802,0,255,15
1,1803,0,255,12
1,1804,0,255,9
1,1805,0,255,6
1,1806,0,255,3
1,1807,0,255,0
1,1808,0,255,0
1,1809,0,255,0
1,1810,0,255,0
1,1811,6,255,0
1,1812,15,255,0
1,1813,25,255,0
1,1814,34,255,0
1,1815,44,255,0
1,1816,54,255,0
1,1817,64,255,0
1,1818,75,255,0
1,1819,86,255,0
1,1820,98,255,0
1,1821,110,255,0
1,1822,122,255,0
1,1823,135,255,0
1,1824,148,255,0
1,1825,162,255,0
1,1826,176,255,0
1,1827,191,255,0
1,1828,206,255,0
1,1829,222,255,0
1,1830,239,255,0
1,1831,255,254,0
1,1832,255,237,0
1,1833,255,222,0
1,1834,255,208,0
1,1835,255,195,0
1,1836,255,183,0
1,1837,255,172,0
1,1838,255,162,0
1,1839,255,152,0
1,1840,0,255,17
1,1841,0,255,14
1,1842,0,255,12
1,1843,0,255,9
1,1844,0,255,6
1,1845,0,255,3
1,1846,0,255,0
1,1847,0,255,0
1,1848,0,255,0
1,1849,0,255,0
1,1850,0,255,0
1,1851,5,255,0
1,1852,14,255,0
1,1853,23,255,0
1,1854,32,255,0
1,1855,42,255,0
1,1856,52,255,0
1,1857,62,255,0
1,1858,72,255,0
1,1859,83,255,0
1,1860,94,255,0
1,1861,105,255,0
1,1862,117,255,0
1,1863,130,255,0
1,1864,142,255,0
1,1865,156,255,0
1,1866,169,255,0
1,1867,183,255,0
1,1868,198,255,0
1,1869,213,255,0
1,1870,229,255,0
1,1871,246,255,0
1,1872,255,247,0
1,1873,255,231,0
1,1874,255,217,0
1,1875,255,203,0
1,1876,255,191,0
1,1877,255,180,0
1,1878,255,169,0
1,1879,255,159,0
1,1880,0,255,14
1,1881,0,255,11
1,1882,0,255,9
1,1883,0,255,6
1,1884,0,255,3
1,1885,0,255,0
1,1886,0,255,0
1,1887,0,255,0
1,1888,0,255,0
1,1889,0,255,0
1,1890,0,255,0
1,1891,5,255,0
1,1892,13,255,0
1,1893,22,255,0
1,1894,31,255,0
1,1895,40,255,0
1,1896,49,255,0
1,1897,59,255,0
1,1898,69,255,0
1,1899,80,255,0
1,1900,90,255,0
1,1901,101,255,0
1,1902,113,255,0
1,1903,125,255,0
1,1904,137,255,0
1,1905,150,255,0
1,1906,163,255,0
1,1907,177,255,0
1,1908,191,255,0
1,1909,205,255,0
1,1910,221,255,0
1,1911,236,255,0
1,1912,253,255,0
1,1913,255,241,0
1,1914,255,226,0
1,1915,255,212,0
1,1916,255,200,0
1,1917,255,188,0
1,1918,255,177,0
1,1919,255,167,0
1,1920,0,255,11
1,1921,0,255,8
1,1922,0,255,6
1,1923,0,255,3
1,1924,0,255,0
1,1925,0,255,0
1,1926,0,255,0
1,1927,0,255,0
1,1928,0,255,0
1,1929,0,255,0
1,1930,0,255,0
1,1931,4,255,0
1,1932,12,255,0
1,1933,20,255,0
1,1934,29,255,0
1,1935,38,255,0
1,1936,47,255,0
1,1937,57,255,0
1,1938,67,255,0
1,1939,77,255,0
1,1940,87,255,0
1,1941,98,255,0
1,1942,109,255,0
1,1943,120,255,0
1,1944,132,255,0
1,1945,144,255,0
1,1946,157,255,0
1,1947,170,255,0
1,1948,184,255,0
1,1949,198,255,0
1,1950,212,255,0
1,1951,227,255,0
1,1952,243,255,0
1,1953,255,251,0
1,1954,255,235,0
1,1955,255,221,0
1,1956,255,208,0
1,1957,255,196,0
1,1958,255,185,0
1,1959,255,174,0
1,1960,0,255,8
1,1961,0,255,5
1,1962,0,255,3
1,1963,0,255,0
1,1964,0,255,0
1,1965,0,255,0
1,1966,0,255,0
1,1967,0,255,0
1,1968,0,255,0
1,1969,0,255,0
1,1970,0,255,0
1,1971,3,255,0
1,1972,11,255,0
1,1973,19,255,0
1,1974,28,255,0
1,1975,36,255,0
1,1976,45,255,0
1,1977,54,255,0
1,1978,64,255,0
1,1979,74,255,0
1,1980,84,255,0
1,1981,94,255,0
1,1982,105,255,0
1,1983,116,255,0
1,1984,127,255,0
1,1985,139,255,0
1,1986,151,255,0
1,1987,164,255,0
1,1988,177,255,0
1,1989,191,255,0
1,1990,205,255,0
1,1991,219,255,0
1,1992,234,255,0
1,1993,250,255,0
1,1994,255,244,0
1,1995,255,230,0
1,1996,255,216,0
1,1997,255,204,0
1,1998,255,192,0
1,1999,255,182,0
