0,107,110,123
1,161,133,128
2,134,124,93
3,193,100,140
4,177,94,91
5,110,133,86
6,104,107,125
7,158,131,126
8,127,122,173
9,190,98,137
10,141,150,84
11,107,131,84
12,185,133,117
13,155,128,123
14,172,116,170
15,187,96,135
16,140,147,82
17,104,128,82
18,182,131,115
19,152,126,121
20,169,114,168
21,184,93,133
22,137,145,80
23,101,126,80
24,179,129,113
25,149,123,119
26,166,111,165
27,181,91,131
28,134,143,77
29,98,124,77
30,176,126,110
31,146,121,117
32,163,109,163
33,178,89,128
34,131,140,75
35,95,121,75
36,173,124,108
37,143,119,114
38,160,107,161
39,175,86,126
40,128,138,73
41,98,114,119
42,170,121,106
43,119,135,146
44,157,104,159
45,164,147,116
46,125,135,70
47,206,118,114
48,167,119,104
49,133,131,144
50,154,102,156
51,161,145,114
52,122,133,68
53,203,115,111
54,164,117,101
55,130,129,141
56,151,100,154
57,158,143,111
58,119,131,66
59,200,113,109
60,161,114,99
61,128,127,139
62,148,97,152
63,155,140,109
64,116,128,64
65,197,111,107
66,158,112,97
67,125,124,137
68,145,95,150
69,152,138,107
70,113,126,61
71,194,108,104
72,155,110,94
73,122,122,135
74,142,92,147
75,149,135,104
76,117,116,152
77,191,106,102
78,120,146,98
79,119,119,132
80,173,142,137
81,146,133,102
82,205,110,149
83,189,104,100
84,122,143,96
85,116,117,130
86,170,140,135
87,143,131,100
88,202,108,146
89,186,101,98
90,119,140,93
91,113,115,128
92,167,138,132
93,140,128,98
94,199,105,144
95,183,99,95
96,116,138,91
97,110,112,126
98,164,135,130
99,137,126,95
100,196,103,142
101,180,96,93
102,113,136,89
103,107,110,123
104,161,133,128
105,134,124,93
106,193,100,140
107,177,94,91
108,110,133,86
109,104,107,125
110,158,131,126
111,127,122,173
112,190,98,137
113,141,150,84
114,107,131,84
115,185,133,117
116,155,128,123
117,172,116,170
118,187,96,135
119,140,147,82
120,104,128,82
121,182,131,115
122,152,126,121
123,169,114,168
124,184,93,133
125,137,145,80
126,101,126,80
127,179,129,113
128,149,123,119
129,166,111,165
130,181,91,131
131,134,143,77
132,98,124,77
133,176,126,110
134,146,121,117
135,163,109,163
136,178,89,128
137,131,140,75
138,95,121,75
139,173,124,108
140,143,119,114
141,160,107,161
142,175,86,126
143,128,138,73
144,98,114,119
145,170,121,106
146,119,135,146
147,157,104,159
148,164,147,116
149,125,135,70
150,206,118,114
151,167,119,104
152,133,131,144
153,154,102,156
154,161,145,114
155,122,133,68
156,203,115,111
157,164,117,101
158,130,129,141
159,151,100,154
160,158,143,111
161,119,131,66
162,200,113,109
163,161,114,99
164,128,127,139
165,148,97,152
166,155,140,109
167,116,128,64
168,197,111,107
169,158,112,97
170,125,124,137
171,145,95,150
172,152,138,107
173,113,126,61
174,194,108,104
175,155,110,94
176,122,122,135
177,142,92,147
178,149,135,104
179,117,116,152
180,191,106,102
181,120,146,98
182,119,119,132
183,173,142,137
184,146,133,102
185,205,110,149
186,189,104,100
187,122,143,96
188,116,117,130
189,170,140,135
190,143,131,100
191,202,108,146
192,186,101,98
193,119,140,93
194,113,115,128
195,167,138,132
196,140,128,98
197,199,105,144
198,183,99,95
199,116,138,91
200,110,112,126
201,164,135,130
202,137,126,95
203,196,103,142
204,180,96,93
205,113,136,89
206,107,110,123
207,161,133,128
208,134,124,93
209,193,100,140
210,177,94,91
211,110,133,86
212,104,107,125
213,158,131,126
214,127,122,173
215,190,98,137
216,141,150,84
217,107,131,84
218,185,133,117
219,155,128,123
220,172,116,170
221,187,96,135
222,140,147,82
223,104,128,82
224,182,131,115
225,152,126,121
226,169,114,168
227,184,93,133
228,137,145,80
229,101,126,80
230,179,129,113
231,149,123,119
232,166,111,165
233,181,91,131
234,134,143,77
235,98,124,77
236,176,126,110
237,146,121,117
238,163,109,163
239,178,89,128
240,131,140,75
241,95,121,75
242,173,124,108
243,143,119,114
244,160,107,161
245,175,86,126
246,128,138,73
247,98,114,119
248,170,121,106
249,119,135,146
250,157,104,159
251,164,147,116
252,125,135,70
253,206,118,114
254,167,119,104
255,133,131,144
256,154,102,156
257,161,145,114
258,122,133,68
259,203,115,111
260,164,117,101
261,130,129,141
262,151,100,154
263,158,143,111
264,119,131,66
265,200,113,109
266,161,114,99
267,128,127,139
268,148,97,152
269,155,140,109
270,116,128,64
271,197,111,107
272,158,112,97
273,125,124,137
274,145,95,150
275,152,138,107
276,113,126,61
277,194,108,104
278,155,110,94
279,122,122,135
280,142,92,147
281,149,135,104
282,117,116,152
283,191,106,102
284,120,146,98
285,119,119,132
286,173,142,137
287,146,133,102
288,205,110,149
289,189,104,100
290,122,143,96
291,116,117,130
292,170,140,135
293,143,131,100
294,202,108,146
295,186,101,98
296,119,140,93
297,113,115,128
298,167,138,132
299,140,128,98
300,199,105,144
301,183,99,95
302,116,138,91
303,110,112,126
304,164,135,130
305,137,126,95
306,196,103,142
307,180,96,93
308,113,136,89
309,107,110,123
310,161,133,128
311,134,124,93
312,193,100,140
313,177,94,91
314,110,133,86
315,104,107,125
316,158,131,126
317,127,122,173
318,190,98,137
319,141,150,84
320,107,131,84
321,185,133,117
322,155,128,123
323,172,116,170
324,187,96,135
325,140,147,82
326,104,128,82
327,182,131,115
328,152,126,121
329,169,114,168
330,184,93,133
331,137,145,80
332,101,126,80
333,179,129,113
334,149,123,119
335,166,111,165
336,181,91,131
337,134,143,77
338,98,124,77
339,176,126,110
340,146,121,117
341,163,109,163
342,178,89,128
343,131,140,75
344,95,121,75
345,173,124,108
346,143,119,114
347,160,107,161
348,175,86,126
349,128,138,73
350,98,114,119
351,170,121,106
352,119,135,146
353,157,104,159
354,164,147,116
355,125,135,70
356,206,118,114
357,167,119,104
358,133,131,144
359,154,102,156
360,161,145,114
361,122,133,68
362,203,115,111
363,164,117,101
364,130,129,141
365,151,100,154
366,158,143,111
367,119,131,66
368,200,113,109
369,161,114,99
370,128,127,139
371,148,97,152
372,155,140,109
373,116,128,64
374,197,111,107
375,158,112,97
376,125,124,137
377,145,95,150
378,152,138,107
379,113,126,61
380,194,108,104
381,155,110,94
382,122,122,135
383,142,92,147
384,149,135,104
385,117,116,152
386,191,106,102
387,120,146,98
388,119,119,132
389,173,142,137
390,146,133,102
391,205,110,149
392,189,104,100
393,122,143,96
394,116,117,130
395,170,140,135
396,143,131,100
397,202,108,146
398,186,101,98
399,119,140,93
400,113,115,128
401,167,138,132
402,140,128,98
403,199,105,144
404,183,99,95
405,116,138,91
406,110,112,126
407,164,135,130
408,137,126,95
409,196,103,142
410,180,96,93
411,113,136,89
412,107,110,123
413,161,133,128
414,134,124,93
415,193,100,140
416,177,94,91
417,110,133,86
418,104,107,125
419,158,131,126
420,127,122,173
421,190,98,137
422,141,150,84
423,107,131,84
424,185,133,117
425,155,128,123
426,172,116,170
427,187,96,135
428,140,147,82
429,104,128,82
430,182,131,115
431,152,126,121
432,169,114,168
433,184,93,133
434,137,145,80
435,101,126,80
436,179,129,113
437,149,123,119
438,166,111,165
439,181,91,131
440,134,143,77
441,98,124,77
442,176,126,110
443,146,121,117
444,163,109,163
445,178,89,128
446,131,140,75
447,95,121,75
448,173,124,108
449,143,119,114
450,160,107,161
451,175,86,126
452,128,138,73
453,98,114,119
454,170,121,106
455,119,135,146
456,157,104,159
457,164,147,116
458,125,135,70
459,206,118,114
460,167,119,104
461,133,131,144
462,154,102,156
463,161,145,114
464,122,133,68
465,203,115,111
466,164,117,101
467,130,129,141
468,151,100,154
469,158,143,111
470,119,131,66
471,200,113,109
472,161,114,99
473,128,127,139
474,148,97,152
475,155,140,109
476,116,128,64
477,197,111,107
478,158,112,97
479,125,124,137
480,145,95,150
481,152,138,107
482,113,126,61
483,194,108,104
484,155,110,94
485,122,122,135
486,142,92,147
487,149,135,104
488,117,116,152
489,191,106,102
490,120,146,98
491,119,119,132
492,173,142,137
493,146,133,102
494,205,110,149
495,189,104,100
496,122,143,96
497,116,117,130
498,170,140,135
499,143,131,100
500,202,108,146
501,186,101,98
502,119,140,93
503,113,115,128
504,167,138,132
505,140,128,98
506,199,105,144
507,183,99,95
508,116,138,91
509,110,112,126
510,164,135,130
511,137,126,95
512,196,103,142
513,180,96,93
514,113,136,89
515,107,110,123
516,161,133,128
517,134,124,93
518,193,100,140
519,177,94,91
520,110,133,86
521,104,107,125
522,158,131,126
523,127,122,173
524,190,98,137
525,141,150,84
526,107,131,84
527,185,133,117
528,155,128,123
529,172,116,170
530,187,96,135
531,140,147,82
532,104,128,82
533,182,131,115
534,152,126,121
535,169,114,168
536,184,93,133
537,137,145,80
538,101,126,80
539,179,129,113
540,149,123,119
541,166,111,165
542,181,91,131
543,134,143,77
544,98,124,77
545,176,126,110
546,146,121,117
547,163,109,163
548,178,89,128
549,131,140,75
550,95,121,75
551,173,124,108
552,143,119,114
553,160,107,161
554,175,86,126
555,128,138,73
556,98,114,119
557,170,121,106
558,119,135,146
559,157,104,159
560,164,147,116
561,125,135,70
562,206,118,114
563,167,119,104
564,133,131,144
565,154,102,156
566,161,145,114
567,122,133,68
568,203,115,111
569,164,117,101
570,130,129,141
571,151,100,154
572,158,143,111
573,119,131,66
574,200,113,109
575,161,114,99
576,128,127,139
577,148,97,152
578,155,140,109
579,116,128,64
580,197,111,107
581,158,112,97
582,125,124,137
583,145,95,150
584,152,138,107
585,113,126,61
586,194,108,104
587,155,110,94
588,122,122,135
589,142,92,147
590,149,135,104
591,117,116,152
592,191,106,102
593,120,146,98
594,119,119,132
595,173,142,137
596,146,133,102
597,205,110,149
598,189,104,100
599,122,143,96
600,116,117,130
601,170,140,135
602,143,131,100
603,202,108,146
604,186,101,98
605,119,140,93
606,113,115,128
607,167,138,132
608,140,128,98
609,199,105,144
610,183,99,95
611,116,138,91
612,110,112,126
613,164,135,130
614,137,126,95
615,196,103,142
616,180,96,93
617,113,136,89
618,107,110,123
619,161,133,128
620,134,124,93
621,193,100,140
622,177,94,91
623,110,133,86
624,104,107,125
625,158,131,126
626,127,122,173
627,190,98,137
628,141,150,84
629,107,131,84
630,185,133,117
631,155,128,123
632,172,116,170
633,187,96,135
634,140,147,82
635,104,128,82
636,182,131,115
637,152,126,121
638,169,114,168
639,184,93,133
640,137,145,80
641,101,126,80
642,179,129,113
643,149,123,119
644,166,111,165
645,181,91,131
646,134,143,77
647,98,124,77
648,176,126,110
649,146,121,117
650,163,109,163
651,178,89,128
652,131,140,75
653,95,121,75
654,173,124,108
655,143,119,114
656,160,107,161
657,175,86,126
658,128,138,73
659,98,114,119
660,170,121,106
661,119,135,146
662,157,104,159
663,164,147,116
664,125,135,70
665,206,118,114
666,167,119,104
667,133,131,144
668,154,102,156
669,161,145,114
670,122,133,68
671,203,115,111
672,164,117,101
673,130,129,141
674,151,100,154
675,158,143,111
676,119,131,66
677,200,113,109
678,161,114,99
679,128,127,139
680,148,97,152
681,155,140,109
682,116,128,64
683,197,111,107
684,158,112,97
685,125,124,137
686,145,95,150
687,152,138,107
688,113,126,61
689,194,108,104
690,155,110,94
691,122,122,135
692,142,92,147
693,149,135,104
694,117,116,152
695,191,106,102
696,120,146,98
697,119,119,132
698,173,142,137
699,146,133,102
700,205,110,149
701,189,104,100
702,122,143,96
703,116,117,130
704,170,140,135
705,143,131,100
706,202,108,146
707,186,101,98
708,119,140,93
709,113,115,128
710,167,138,132
711,140,128,98
712,199,105,144
713,183,99,95
714,116,138,91
715,110,112,126
716,164,135,130
717,137,126,95
718,196,103,142
719,180,96,93
720,113,136,89
721,107,110,123
722,161,133,128
723,134,124,93
724,193,100,140
725,177,94,91
726,110,133,86
727,104,107,125
728,158,131,126
729,127,122,173
730,190,98,137
731,141,150,84
732,107,131,84
733,185,133,117
734,155,128,123
735,172,116,170
736,187,96,135
737,140,147,82
738,104,128,82
739,182,131,115
740,152,126,121
741,169,114,168
742,184,93,133
743,137,145,80
744,101,126,80
745,179,129,113
746,149,123,119
747,166,111,165
748,181,91,131
749,134,143,77
750,98,124,77
751,176,126,110
752,146,121,117
753,163,109,163
754,178,89,128
755,131,140,75
756,95,121,75
757,173,124,108
758,143,119,114
759,160,107,161
760,175,86,126
761,128,138,73
762,98,114,119
763,170,121,106
764,119,135,146
765,157,104,159
766,164,147,116
767,125,135,70
768,206,118,114
769,167,119,104
770,133,131,144
771,154,102,156
772,161,145,114
773,122,133,68
774,203,115,111
775,164,117,101
776,130,129,141
777,151,100,154
778,158,143,111
779,119,131,66
780,200,113,109
781,161,114,99
782,128,127,139
783,148,97,152
784,155,140,109
785,116,128,64
786,197,111,107
787,158,112,97
788,125,124,137
789,145,95,150
790,152,138,107
791,113,126,61
792,194,108,104
793,155,110,94
794,122,122,135
795,142,92,147
796,149,135,104
797,117,116,152
798,191,106,102
799,120,146,98
800,119,119,132
801,173,142,137
802,146,133,102
803,205,110,149
804,189,104,100
805,122,143,96
806,116,117,130
807,170,140,135
808,143,131,100
809,202,108,146
810,186,101,98
811,119,140,93
812,113,115,128
813,167,138,132
814,140,128,98
815,199,105,144
816,183,99,95
817,116,138,91
818,110,112,126
819,164,135,130
820,137,126,95
821,196,103,142
822,180,96,93
823,113,136,89
824,107,110,123
825,161,133,128
826,134,124,93
827,193,100,140
828,177,94,91
829,110,133,86
830,104,107,125
831,158,131,126
832,127,122,173
833,190,98,137
834,141,150,84
835,107,131,84
836,185,133,117
837,155,128,123
838,172,116,170
839,187,96,135
840,140,147,82
841,104,128,82
842,182,131,115
843,152,126,121
844,169,114,168
845,184,93,133
846,137,145,80
847,101,126,80
848,179,129,113
849,149,123,119
850,166,111,165
851,181,91,131
852,134,143,77
853,98,124,77
854,176,126,110
855,146,121,117
856,163,109,163
857,178,89,128
858,131,140,75
859,95,121,75
860,173,124,108
861,143,119,114
862,160,107,161
863,175,86,126
864,128,138,73
865,98,114,119
866,170,121,106
867,119,135,146
868,157,104,159
869,164,147,116
870,125,135,70
871,206,118,114
872,167,119,104
873,133,131,144
874,154,102,156
875,161,145,114
876,122,133,68
877,203,115,111
878,164,117,101
879,130,129,141
880,151,100,154
881,158,143,111
882,119,131,66
883,200,113,109
884,161,114,99
885,128,127,139
886,148,97,152
887,155,140,109
888,116,128,64
889,197,111,107
890,158,112,97
891,125,124,137
892,145,95,150
893,152,138,107
894,113,126,61
895,194,108,104
896,155,110,94
897,122,122,135
898,142,92,147
899,149,135,104
900,117,116,152
901,191,106,102
902,120,146,98
903,119,119,132
904,173,142,137
905,146,133,102
906,205,110,149
907,189,104,100
908,122,143,96
909,116,117,130
910,170,140,135
911,143,131,100
912,202,108,146
913,186,101,98
914,119,140,93
915,113,115,128
916,167,138,132
917,140,128,98
918,199,105,144
919,183,99,95
920,116,138,91
921,110,112,126
922,164,135,130
923,137,126,95
924,196,103,142
925,180,96,93
926,113,136,89
927,107,110,123
928,161,133,128
929,134,124,93
930,193,100,140
931,177,94,91
932,110,133,86
933,104,107,125
934,158,131,126
935,127,122,173
936,190,98,137
937,141,150,84
938,107,131,84
939,185,133,117
940,155,128,123
941,172,116,170
942,187,96,135
943,140,147,82
944,104,128,82
945,182,131,115
946,152,126,121
947,169,114,168
948,184,93,133
949,137,145,80
950,101,126,80
951,179,129,113
952,149,123,119
953,166,111,165
954,181,91,131
955,134,143,77
956,98,124,77
957,176,126,110
958,146,121,117
959,163,109,163
960,178,89,128
961,131,140,75
962,95,121,75
963,173,124,108
964,143,119,114
965,160,107,161
966,175,86,126
967,128,138,73
968,98,114,119
969,170,121,106
970,119,135,146
971,157,104,159
972,164,147,116
973,125,135,70
974,206,118,114
975,167,119,104
976,133,131,144
977,154,102,156
978,161,145,114
979,122,133,68
980,203,115,111
981,164,117,101
982,130,129,141
983,151,100,154
984,158,143,111
985,119,131,66
986,200,113,109
987,161,114,99
988,128,127,139
989,148,97,152
990,155,140,109
991,116,128,64
992,197,111,107
993,158,112,97
994,125,124,137
995,145,95,150
996,152,138,107
997,113,126,61
998,194,108,104
999,155,110,94
1000,122,122,135
1001,142,92,147
1002,149,135,104
1003,117,116,152
1004,191,106,102
1005,120,146,98
1006,119,119,132
1007,173,142,137
1008,146,133,102
1009,205,110,149
1010,189,104,100
1011,122,143,96
1012,116,117,130
1013,170,140,135
1014,143,131,100
1015,202,108,146
1016,186,101,98
1017,119,140,93
1018,113,115,128
1019,167,138,132
1020,140,128,98
1021,199,105,144
1022,183,99,95
1023,116,138,91
1024,110,112,126
1025,164,135,130
1026,137,126,95
1027,196,103,142
1028,180,96,93
1029,113,136,89
1030,107,110,123
1031,161,133,128
1032,134,124,93
1033,193,100,140
1034,177,94,91
1035,110,133,86
1036,104,107,125
1037,158,131,126
1038,127,122,173
1039,190,98,137
1040,141,150,84
1041,107,131,84
1042,185,133,117
1043,155,128,123
1044,172,116,170
1045,187,96,135
1046,140,147,82
1047,104,128,82
1048,182,131,115
1049,152,126,121
1050,169,114,168
1051,184,93,133
1052,137,145,80
1053,101,126,80
1054,179,129,113
1055,149,123,119
1056,166,111,165
1057,181,91,131
1058,134,143,77
1059,98,124,77
1060,176,126,110
1061,146,121,117
1062,163,109,163
1063,178,89,128
1064,131,140,75
1065,95,121,75
1066,173,124,108
1067,143,119,114
1068,160,107,161
1069,175,86,126
1070,128,138,73
1071,98,114,119
1072,170,121,106
1073,119,135,146
1074,157,104,159
1075,164,147,116
1076,125,135,70
1077,206,118,114
1078,167,119,104
1079,133,131,144
1080,154,102,156
1081,161,145,114
1082,122,133,68
1083,203,115,111
1084,164,117,101
1085,130,129,141
1086,151,100,154
1087,158,143,111
1088,119,131,66
1089,200,113,109
1090,161,114,99
1091,128,127,139
1092,148,97,152
1093,155,140,109
1094,116,128,64
1095,197,111,107
1096,158,112,97
1097,125,124,137
1098,145,95,150
1099,152,138,107
1100,113,126,61
1101,194,108,104
1102,155,110,94
1103,122,122,135
1104,142,92,147
1105,149,135,104
1106,117,116,152
1107,191,106,102
1108,120,146,98
1109,119,119,132
1110,173,142,137
1111,146,133,102
1112,205,110,149
1113,189,104,100
1114,122,143,96
1115,116,117,130
1116,170,140,135
1117,143,131,100
1118,202,108,146
1119,186,101,98
1120,119,140,93
1121,113,115,128
1122,167,138,132
1123,140,128,98
1124,199,105,144
1125,183,99,95
1126,116,138,91
1127,110,112,126
1128,164,135,130
1129,137,126,95
1130,196,103,142
1131,180,96,93
1132,113,136,89
1133,107,110,123
1134,161,133,128
1135,134,124,93
1136,193,100,140
1137,177,94,91
1138,110,133,86
1139,104,107,125
1140,158,131,126
1141,127,122,173
1142,190,98,137
1143,141,150,84
1144,107,131,84
1145,185,133,117
1146,155,128,123
1147,172,116,170
1148,187,96,135
1149,140,147,82
1150,104,128,82
1151,182,131,115
1152,152,126,121
1153,169,114,168
1154,184,93,133
1155,137,145,80
1156,101,126,80
1157,179,129,113
1158,149,123,119
1159,166,111,165
1160,181,91,131
1161,134,143,77
1162,98,124,77
1163,176,126,110
1164,146,121,117
1165,163,109,163
1166,178,89,128
1167,131,140,75
1168,95,121,75
1169,173,124,108
1170,143,119,114
1171,160,107,161
1172,175,86,126
1173,128,138,73
1174,98,114,119
1175,170,121,106
1176,119,135,146
1177,157,104,159
1178,164,147,116
1179,125,135,70
1180,206,118,114
1181,167,119,104
1182,133,131,144
1183,154,102,156
1184,161,145,114
1185,122,133,68
1186,203,115,111
1187,164,117,101
1188,130,129,141
1189,151,100,154
1190,158,143,111
1191,119,131,66
1192,200,113,109
1193,161,114,99
1194,128,127,139
1195,148,97,152
1196,155,140,109
1197,116,128,64
1198,197,111,107
1199,158,112,97
1200,125,124,137
1201,145,95,150
1202,152,138,107
1203,113,126,61
1204,194,108,104
1205,155,110,94
1206,122,122,135
1207,142,92,147
1208,149,135,104
1209,117,116,152
1210,191,106,102
1211,120,146,98
1212,119,119,132
1213,173,142,137
1214,146,133,102
1215,205,110,149
1216,189,104,100
1217,122,143,96
1218,116,117,130
1219,170,140,135
1220,143,131,100
1221,202,108,146
1222,186,101,98
1223,119,140,93
1224,113,115,128
1225,167,138,132
1226,140,128,98
1227,199,105,144
1228,183,99,95
1229,116,138,91
1230,110,112,126
1231,164,135,130
1232,137,126,95
1233,196,103,142
1234,180,96,93
1235,113,136,89
1236,107,110,123
1237,161,133,128
1238,134,124,93
1239,193,100,140
1240,177,94,91
1241,110,133,86
1242,104,107,125
1243,158,131,126
1244,127,122,173
1245,190,98,137
1246,141,150,84
1247,107,131,84
1248,185,133,117
1249,155,128,123
1250,172,116,170
1251,187,96,135
1252,140,147,82
1253,104,128,82
1254,182,131,115
1255,152,126,121
1256,169,114,168
1257,184,93,133
1258,137,145,80
1259,101,126,80
1260,179,129,113
1261,149,123,119
1262,166,111,165
1263,181,91,131
1264,134,143,77
1265,98,124,77
1266,176,126,110
1267,146,121,117
1268,163,109,163
1269,178,89,128
1270,131,140,75
1271,95,121,75
1272,173,124,108
1273,143,119,114
1274,160,107,161
1275,175,86,126
1276,128,138,73
1277,98,114,119
1278,170,121,106
1279,119,135,146
1280,157,104,159
1281,164,147,116
1282,125,135,70
1283,206,118,114
1284,167,119,104
1285,133,131,144
1286,154,102,156
1287,161,145,114
1288,122,133,68
1289,203,115,111
1290,164,117,101
1291,130,129,141
1292,151,100,154
1293,158,143,111
1294,119,131,66
1295,200,113,109
1296,161,114,99
1297,128,127,139
1298,148,97,152
1299,155,140,109
1300,116,128,64
1301,197,111,107
1302,158,112,97
1303,125,124,137
1304,145,95,150
1305,152,138,107
1306,113,126,61
1307,194,108,104
1308,155,110,94
1309,122,122,135
1310,142,92,147
1311,149,135,104
1312,117,116,152
1313,191,106,102
1314,120,146,98
1315,119,119,132
1316,173,142,137
1317,146,133,102
1318,205,110,149
1319,189,104,100
1320,122,143,96
1321,116,117,130
1322,170,140,135
1323,143,131,100
1324,202,108,146
1325,186,101,98
1326,119,140,93
1327,113,115,128
1328,167,138,132
1329,140,128,98
1330,199,105,144
1331,183,99,95
1332,116,138,91
1333,110,112,126
1334,164,135,130
1335,137,126,95
1336,196,103,142
1337,180,96,93
1338,113,136,89
1339,107,110,123
1340,161,133,128
1341,134,124,93
1342,193,100,140
1343,177,94,91
1344,110,133,86
1345,104,107,125
1346,158,131,126
1347,127,122,173
1348,190,98,137
1349,141,150,84
1350,107,131,84
1351,185,133,117
1352,155,128,123
1353,172,116,170
1354,187,96,135
1355,140,147,82
1356,104,128,82
1357,182,131,115
1358,152,126,121
1359,169,114,168
1360,184,93,133
1361,137,145,80
1362,101,126,80
1363,179,129,113
1364,149,123,119
1365,166,111,165
1366,181,91,131
1367,134,143,77
1368,98,124,77
1369,176,126,110
1370,146,121,117
1371,163,109,163
1372,178,89,128
1373,131,140,75
1374,95,121,75
1375,173,124,108
1376,143,119,114
1377,160,107,161
1378,175,86,126
1379,128,138,73
1380,98,114,119
1381,170,121,106
1382,119,135,146
1383,157,104,159
1384,164,147,116
1385,125,135,70
1386,206,118,114
1387,167,119,104
1388,133,131,144
1389,154,102,156
1390,161,145,114
1391,122,133,68
1392,203,115,111
1393,164,117,101
1394,130,129,141
1395,151,100,154
1396,158,143,111
1397,119,131,66
1398,200,113,109
1399,161,114,99
1400,128,127,139
1401,148,97,152
1402,155,140,109
1403,116,128,64
1404,197,111,107
1405,158,112,97
1406,125,124,137
1407,145,95,150
1408,152,138,107
1409,113,126,61
1410,194,108,104
1411,155,110,94
1412,122,122,135
1413,142,92,147
1414,149,135,104
1415,117,116,152
1416,191,106,102
1417,120,146,98
1418,119,119,132
1419,173,142,137
1420,146,133,102
1421,205,110,149
1422,189,104,100
1423,122,143,96
1424,116,117,130
1425,170,140,135
1426,143,131,100
1427,202,108,146
1428,186,101,98
1429,119,140,93
1430,113,115,128
1431,167,138,132
1432,140,128,98
1433,199,105,144
1434,183,99,95
1435,116,138,91
1436,110,112,126
1437,164,135,130
1438,137,126,95
1439,196,103,142
1440,180,96,93
1441,113,136,89
1442,107,110,123
1443,161,133,128
1444,134,124,93
1445,193,100,140
1446,177,94,91
1447,110,133,86
1448,104,107,125
1449,158,131,126
1450,127,122,173
1451,190,98,137
1452,141,150,84
1453,107,131,84
1454,185,133,117
1455,155,128,123
1456,172,116,170
1457,187,96,135
1458,140,147,82
1459,104,128,82
1460,182,131,115
1461,152,126,121
1462,169,114,168
1463,184,93,133
1464,137,145,80
1465,101,126,80
1466,179,129,113
1467,149,123,119
1468,166,111,165
1469,181,91,131
1470,134,143,77
1471,98,124,77
1472,176,126,110
1473,146,121,117
1474,163,109,163
1475,178,89,128
1476,131,140,75
1477,95,121,75
1478,173,124,108
1479,143,119,114
1480,160,107,161
1481,175,86,126
1482,128,138,73
1483,98,114,119
1484,170,121,106
1485,119,135,146
1486,157,104,159
1487,164,147,116
1488,125,135,70
1489,206,118,114
1490,167,119,104
1491,133,131,144
1492,154,102,156
1493,161,145,114
1494,122,133,68
1495,203,115,111
1496,164,117,101
1497,130,129,141
1498,151,100,154
1499,158,143,111
1500,119,131,66
1501,200,113,109
1502,161,114,99
1503,128,127,139
1504,148,97,152
1505,155,140,109
1506,116,128,64
1507,197,111,107
1508,158,112,97
1509,125,124,137
1510,145,95,150
1511,152,138,107
1512,113,126,61
1513,194,108,104
1514,155,110,94
1515,122,122,135
1516,142,92,147
1517,149,135,104
1518,117,116,152
1519,191,106,102
1520,120,146,98
1521,119,119,132
1522,173,142,137
1523,146,133,102
1524,205,110,149
1525,189,104,100
1526,122,143,96
1527,116,117,130
1528,170,140,135
1529,143,131,100
1530,202,108,146
1531,186,101,98
1532,119,140,93
1533,113,115,128
1534,167,138,132
1535,140,128,98
1536,199,105,144
1537,183,99,95
1538,116,138,91
1539,110,112,126
1540,164,135,130
1541,137,126,95
1542,196,103,142
1543,180,96,93
1544,113,136,89
1545,107,110,123
1546,161,133,128
1547,134,124,93
1548,193,100,140
1549,177,94,91
1550,110,133,86
1551,104,107,125
1552,158,131,126
1553,127,122,173
1554,190,98,137
1555,141,150,84
1556,107,131,84
1557,185,133,117
1558,155,128,123
1559,172,116,170
1560,187,96,135
1561,140,147,82
1562,104,128,82
1563,182,131,115
1564,152,126,121
1565,169,114,168
1566,184,93,133
1567,137,145,80
1568,101,126,80
1569,179,129,113
1570,149,123,119
1571,166,111,165
1572,181,91,131
1573,134,143,77
1574,98,124,77
1575,176,126,110
1576,146,121,117
1577,163,109,163
1578,178,89,128
1579,131,140,75
1580,95,121,75
1581,173,124,108
1582,143,119,114
1583,160,107,161
1584,175,86,126
1585,128,138,73
1586,98,114,119
1587,170,121,106
1588,119,135,146
1589,157,104,159
1590,164,147,116
1591,125,135,70
1592,206,118,114
1593,167,119,104
1594,133,131,144
1595,154,102,156
1596,161,145,114
1597,122,133,68
1598,203,115,111
1599,164,117,101
1600,130,129,141
1601,151,100,154
1602,158,143,111
1603,119,131,66
1604,200,113,109
1605,161,114,99
1606,128,127,139
1607,148,97,152
1608,155,140,109
1609,116,128,64
1610,197,111,107
1611,158,112,97
1612,125,124,137
1613,145,95,150
1614,152,138,107
1615,113,126,61
1616,194,108,104
1617,155,110,94
1618,122,122,135
1619,142,92,147
1620,149,135,104
1621,117,116,152
1622,191,106,102
1623,120,146,98
1624,119,119,132
1625,173,142,137
1626,146,133,102
1627,205,110,149
1628,189,104,100
1629,122,143,96
1630,116,117,130
1631,170,140,135
1632,143,131,100
1633,202,108,146
1634,186,101,98
1635,119,140,93
1636,113,115,128
1637,167,138,132
1638,140,128,98
1639,199,105,144
1640,183,99,95
1641,116,138,91
1642,110,112,126
1643,164,135,130
1644,137,126,95
1645,196,103,142
1646,180,96,93
1647,113,136,89
1648,107,110,123
1649,161,133,128
1650,134,124,93
1651,193,100,140
1652,177,94,91
1653,110,133,86
1654,104,107,125
1655,158,131,126
1656,127,122,173
1657,190,98,137
1658,141,150,84
1659,107,131,84
1660,185,133,117
1661,155,128,123
1662,172,116,170
1663,187,96,135
1664,140,147,82
1665,104,128,82
1666,182,131,115
1667,152,126,121
1668,169,114,168
1669,184,93,133
1670,137,145,80
1671,101,126,80
1672,179,129,113
1673,149,123,119
1674,166,111,165
1675,181,91,131
1676,134,143,77
1677,98,124,77
1678,176,126,110
1679,146,121,117
1680,163,109,163
1681,178,89,128
1682,131,140,75
1683,95,121,75
1684,173,124,108
1685,143,119,114
1686,160,107,161
1687,175,86,126
1688,128,138,73
1689,98,114,119
1690,170,121,106
1691,119,135,146
1692,157,104,159
1693,164,147,116
1694,125,135,70
1695,206,118,114
1696,167,119,104
1697,133,131,144
1698,154,102,156
1699,161,145,114
1700,122,133,68
1701,203,115,111
1702,164,117,101
1703,130,129,141
1704,151,100,154
1705,158,143,111
1706,119,131,66
1707,200,113,109
1708,161,114,99
1709,128,127,139
1710,148,97,152
1711,155,140,109
1712,116,128,64
1713,197,111,107
1714,158,112,97
1715,125,124,137
1716,145,95,150
1717,152,138,107
1718,113,126,61
1719,194,108,104
1720,155,110,94
1721,122,122,135
1722,142,92,147
1723,149,135,104
1724,117,116,152
1725,191,106,102
1726,120,146,98
1727,119,119,132
1728,173,142,137
1729,146,133,102
1730,205,110,149
1731,189,104,100
1732,122,143,96
1733,116,117,130
1734,170,140,135
1735,143,131,100
1736,202,108,146
1737,186,101,98
1738,119,140,93
1739,113,115,128
1740,167,138,132
1741,140,128,98
1742,199,105,144
1743,183,99,95
1744,116,138,91
1745,110,112,126
1746,164,135,130
1747,137,126,95
1748,196,103,142
1749,180,96,93
1750,113,136,89
1751,107,110,123
1752,161,133,128
1753,134,124,93
1754,193,100,140
1755,177,94,91
1756,110,133,86
1757,104,107,125
1758,158,131,126
1759,127,122,173
1760,190,98,137
1761,141,150,84
1762,107,131,84
1763,185,133,117
1764,155,128,123
1765,172,116,170
1766,187,96,135
1767,140,147,82
1768,104,128,82
1769,182,131,115
1770,152,126,121
1771,169,114,168
1772,184,93,133
1773,137,145,80
1774,101,126,80
1775,179,129,113
1776,149,123,119
1777,166,111,165
1778,181,91,131
1779,134,143,77
1780,98,124,77
1781,176,126,110
1782,146,121,117
1783,163,109,163
1784,178,89,128
1785,131,140,75
1786,95,121,75
1787,173,124,108
1788,143,119,114
1789,160,107,161
1790,175,86,126
1791,128,138,73
1792,98,114,119
1793,170,121,106
1794,119,135,146
1795,157,104,159
1796,164,147,116
1797,125,135,70
1798,206,118,114
1799,167,119,104
1800,133,131,144
1801,154,102,156
1802,161,145,114
1803,122,133,68
1804,203,115,111
1805,164,117,101
1806,130,129,141
1807,151,100,154
1808,158,143,111
1809,119,131,66
1810,200,113,109
1811,161,114,99
1812,128,127,139
1813,148,97,152
1814,155,140,109
1815,116,128,64
1816,197,111,107
1817,158,112,97
1818,125,124,137
1819,145,95,150
1820,152,138,107
1821,113,126,61
1822,194,108,104
1823,155,110,94
1824,122,122,135
1825,142,92,147
1826,149,135,104
1827,117,116,152
1828,191,106,102
1829,120,146,98
1830,119,119,132
1831,173,142,137
1832,146,133,102
1833,205,110,149
1834,189,104,100
1835,122,143,96
1836,116,117,130
1837,170,140,135
1838,143,131,100
1839,202,108,146
1840,186,101,98
1841,119,140,93
1842,113,115,128
1843,167,138,132
1844,140,128,98
1845,199,105,144
1846,183,99,95
1847,116,138,91
1848,110,112,126
1849,164,135,130
1850,137,126,95
1851,196,103,142
1852,180,96,93
1853,113,136,89
1854,107,110,123
1855,161,133,128
1856,134,124,93
1857,193,100,140
1858,177,94,91
1859,110,133,86
1860,104,107,125
1861,158,131,126
1862,127,122,173
1863,190,98,137
1864,141,150,84
1865,107,131,84
1866,185,133,117
1867,155,128,123
1868,172,116,170
1869,187,96,135
1870,140,147,82
1871,104,128,82
1872,182,131,115
1873,152,126,121
1874,169,114,168
1875,184,93,133
1876,137,145,80
1877,101,126,80
1878,179,129,113
1879,149,123,119
1880,166,111,165
1881,181,91,131
1882,134,143,77
1883,98,124,77
1884,176,126,110
1885,146,121,117
1886,163,109,163
1887,178,89,128
1888,131,140,75
1889,95,121,75
1890,173,124,108
1891,143,119,114
1892,160,107,161
1893,175,86,126
1894,128,138,73
1895,98,114,119
1896,170,121,106
1897,119,135,146
1898,157,104,159
1899,164,147,116
1900,125,135,70
1901,206,118,114
1902,167,119,104
1903,133,131,144
1904,154,102,156
1905,161,145,114
1906,122,133,68
1907,203,115,111
1908,164,117,101
1909,130,129,141
1910,151,100,154
1911,158,143,111
1912,119,131,66
1913,200,113,109
1914,161,114,99
1915,128,127,139
1916,148,97,152
1917,155,140,109
1918,116,128,64
1919,197,111,107
1920,158,112,97
1921,125,124,137
1922,145,95,150
1923,152,138,107
1924,113,126,61
1925,194,108,104
1926,155,110,94
1927,122,122,135
1928,142,92,147
1929,149,135,104
1930,117,116,152
1931,191,106,102
1932,120,146,98
1933,119,119,132
1934,173,142,137
1935,146,133,102
1936,205,110,149
1937,189,104,100
1938,122,143,96
1939,116,117,130
1940,170,140,135
1941,143,131,100
1942,202,108,146
1943,186,101,98
1944,119,140,93
1945,113,115,128
1946,167,138,132
1947,140,128,98
1948,199,105,144
1949,183,99,95
1950,116,138,91
1951,110,112,126
1952,164,135,130
1953,137,126,95
1954,196,103,142
1955,180,96,93
1956,113,136,89
1957,107,110,123
1958,161,133,128
1959,134,124,93
1960,193,100,140
1961,177,94,91
1962,110,133,86
1963,104,107,125
1964,158,131,126
1965,127,122,173
1966,190,98,137
1967,141,150,84
1968,107,131,84
1969,185,133,117
1970,155,128,123
1971,172,116,170
1972,187,96,135
1973,140,147,82
1974,104,128,82
1975,182,131,115
1976,152,126,121
1977,169,114,168
1978,184,93,133
1979,137,145,80
1980,101,126,80
1981,179,129,113
1982,149,123,119
1983,166,111,165
1984,181,91,131
1985,134,143,77
1986,98,124,77
1987,176,126,110
1988,146,121,117
1989,163,109,163
1990,178,89,128
1991,131,140,75
1992,95,121,75
1993,173,124,108
1994,143,119,114
1995,160,107,161
1996,175,86,126
1997,128,138,73
1998,98,114,119
1999,170,121,106
